"GEOID","county","acsID","raceGroup","detailedRace","population","moe"
"06001","Alameda County, California","B02015_001","Asian","Total",534659,2432
"06001","Alameda County, California","B02015_002","Asian","Chinese, except Taiwanese",175078,4542
"06001","Alameda County, California","B02015_003","Asian","Hmong",812,475
"06001","Alameda County, California","B02015_004","Asian","Japanese",11275,909
"06001","Alameda County, California","B02015_005","Asian","Korean",20100,1677
"06001","Alameda County, California","B02015_006","Asian","Mongolian",1084,346
"06001","Alameda County, California","B02015_007","Asian","Okinawan",45,46
"06001","Alameda County, California","B02015_008","Asian","Taiwanese",8554,1001
"06001","Alameda County, California","B02015_009","Asian","Other East Asian",0,31
"06001","Alameda County, California","B02015_010","Asian","Burmese",2777,693
"06001","Alameda County, California","B02015_011","Asian","Cambodian",4748,1348
"06001","Alameda County, California","B02015_012","Asian","Filipino",87276,3888
"06001","Alameda County, California","B02015_013","Asian","Indonesian",1854,745
"06001","Alameda County, California","B02015_014","Asian","Laotian",2263,587
"06001","Alameda County, California","B02015_015","Asian","Malaysian",289,149
"06001","Alameda County, California","B02015_016","Asian","Mien",899,418
"06001","Alameda County, California","B02015_017","Asian","Singaporean",190,105
"06001","Alameda County, California","B02015_018","Asian","Thai",2119,524
"06001","Alameda County, California","B02015_019","Asian","Vietnamese",33361,2584
"06001","Alameda County, California","B02015_020","Asian","Other Southeast Asian",13,21
"06001","Alameda County, California","B02015_021","Asian","Asian Indian",146663,4277
"06001","Alameda County, California","B02015_022","Asian","Bangladeshi",758,222
"06001","Alameda County, California","B02015_023","Asian","Bhutanese",48,61
"06001","Alameda County, California","B02015_024","Asian","Nepalese",1692,502
"06001","Alameda County, California","B02015_025","Asian","Pakistani",6439,1208
"06001","Alameda County, California","B02015_026","Asian","Sikh",606,473
"06001","Alameda County, California","B02015_027","Asian","Sri Lankan",600,257
"06001","Alameda County, California","B02015_028","Asian","Other South Asian",85,67
"06001","Alameda County, California","B02015_029","Asian","Kazakh",103,97
"06001","Alameda County, California","B02015_030","Asian","Uzbek",22,27
"06001","Alameda County, California","B02015_031","Asian","Other Central Asian",3977,1034
"06001","Alameda County, California","B02015_032","Asian","Other Asian, specified",12,19
"06001","Alameda County, California","B02015_033","Asian","Other Asian, not specified",2049,507
"06001","Alameda County, California","B02015_034","Asian","Two or more Asian",18868,1539
"06003","Alpine County, California","B02015_001","Asian","Total",3,6
"06003","Alpine County, California","B02015_002","Asian","Chinese, except Taiwanese",0,13
"06003","Alpine County, California","B02015_003","Asian","Hmong",0,13
"06003","Alpine County, California","B02015_004","Asian","Japanese",2,3
"06003","Alpine County, California","B02015_005","Asian","Korean",1,7
"06003","Alpine County, California","B02015_006","Asian","Mongolian",0,13
"06003","Alpine County, California","B02015_007","Asian","Okinawan",0,13
"06003","Alpine County, California","B02015_008","Asian","Taiwanese",0,13
"06003","Alpine County, California","B02015_009","Asian","Other East Asian",0,13
"06003","Alpine County, California","B02015_010","Asian","Burmese",0,13
"06003","Alpine County, California","B02015_011","Asian","Cambodian",0,13
"06003","Alpine County, California","B02015_012","Asian","Filipino",0,13
"06003","Alpine County, California","B02015_013","Asian","Indonesian",0,13
"06003","Alpine County, California","B02015_014","Asian","Laotian",0,13
"06003","Alpine County, California","B02015_015","Asian","Malaysian",0,13
"06003","Alpine County, California","B02015_016","Asian","Mien",0,13
"06003","Alpine County, California","B02015_017","Asian","Singaporean",0,13
"06003","Alpine County, California","B02015_018","Asian","Thai",0,13
"06003","Alpine County, California","B02015_019","Asian","Vietnamese",0,13
"06003","Alpine County, California","B02015_020","Asian","Other Southeast Asian",0,13
"06003","Alpine County, California","B02015_021","Asian","Asian Indian",0,13
"06003","Alpine County, California","B02015_022","Asian","Bangladeshi",0,13
"06003","Alpine County, California","B02015_023","Asian","Bhutanese",0,13
"06003","Alpine County, California","B02015_024","Asian","Nepalese",0,13
"06003","Alpine County, California","B02015_025","Asian","Pakistani",0,13
"06003","Alpine County, California","B02015_026","Asian","Sikh",0,13
"06003","Alpine County, California","B02015_027","Asian","Sri Lankan",0,13
"06003","Alpine County, California","B02015_028","Asian","Other South Asian",0,13
"06003","Alpine County, California","B02015_029","Asian","Kazakh",0,13
"06003","Alpine County, California","B02015_030","Asian","Uzbek",0,13
"06003","Alpine County, California","B02015_031","Asian","Other Central Asian",0,13
"06003","Alpine County, California","B02015_032","Asian","Other Asian, specified",0,13
"06003","Alpine County, California","B02015_033","Asian","Other Asian, not specified",0,13
"06003","Alpine County, California","B02015_034","Asian","Two or more Asian",0,13
"06005","Amador County, California","B02015_001","Asian","Total",519,123
"06005","Amador County, California","B02015_002","Asian","Chinese, except Taiwanese",56,58
"06005","Amador County, California","B02015_003","Asian","Hmong",0,28
"06005","Amador County, California","B02015_004","Asian","Japanese",25,28
"06005","Amador County, California","B02015_005","Asian","Korean",30,28
"06005","Amador County, California","B02015_006","Asian","Mongolian",0,28
"06005","Amador County, California","B02015_007","Asian","Okinawan",0,28
"06005","Amador County, California","B02015_008","Asian","Taiwanese",0,28
"06005","Amador County, California","B02015_009","Asian","Other East Asian",0,28
"06005","Amador County, California","B02015_010","Asian","Burmese",0,28
"06005","Amador County, California","B02015_011","Asian","Cambodian",96,107
"06005","Amador County, California","B02015_012","Asian","Filipino",224,113
"06005","Amador County, California","B02015_013","Asian","Indonesian",0,28
"06005","Amador County, California","B02015_014","Asian","Laotian",0,28
"06005","Amador County, California","B02015_015","Asian","Malaysian",0,28
"06005","Amador County, California","B02015_016","Asian","Mien",0,28
"06005","Amador County, California","B02015_017","Asian","Singaporean",0,28
"06005","Amador County, California","B02015_018","Asian","Thai",0,28
"06005","Amador County, California","B02015_019","Asian","Vietnamese",10,11
"06005","Amador County, California","B02015_020","Asian","Other Southeast Asian",0,28
"06005","Amador County, California","B02015_021","Asian","Asian Indian",11,15
"06005","Amador County, California","B02015_022","Asian","Bangladeshi",0,28
"06005","Amador County, California","B02015_023","Asian","Bhutanese",0,28
"06005","Amador County, California","B02015_024","Asian","Nepalese",0,28
"06005","Amador County, California","B02015_025","Asian","Pakistani",0,28
"06005","Amador County, California","B02015_026","Asian","Sikh",0,28
"06005","Amador County, California","B02015_027","Asian","Sri Lankan",0,28
"06005","Amador County, California","B02015_028","Asian","Other South Asian",0,28
"06005","Amador County, California","B02015_029","Asian","Kazakh",0,28
"06005","Amador County, California","B02015_030","Asian","Uzbek",0,28
"06005","Amador County, California","B02015_031","Asian","Other Central Asian",0,28
"06005","Amador County, California","B02015_032","Asian","Other Asian, specified",0,28
"06005","Amador County, California","B02015_033","Asian","Other Asian, not specified",0,28
"06005","Amador County, California","B02015_034","Asian","Two or more Asian",67,52
"06007","Butte County, California","B02015_001","Asian","Total",11182,595
"06007","Butte County, California","B02015_002","Asian","Chinese, except Taiwanese",1125,318
"06007","Butte County, California","B02015_003","Asian","Hmong",4887,743
"06007","Butte County, California","B02015_004","Asian","Japanese",250,135
"06007","Butte County, California","B02015_005","Asian","Korean",481,232
"06007","Butte County, California","B02015_006","Asian","Mongolian",0,31
"06007","Butte County, California","B02015_007","Asian","Okinawan",1,3
"06007","Butte County, California","B02015_008","Asian","Taiwanese",184,149
"06007","Butte County, California","B02015_009","Asian","Other East Asian",0,31
"06007","Butte County, California","B02015_010","Asian","Burmese",26,46
"06007","Butte County, California","B02015_011","Asian","Cambodian",35,47
"06007","Butte County, California","B02015_012","Asian","Filipino",1206,337
"06007","Butte County, California","B02015_013","Asian","Indonesian",25,28
"06007","Butte County, California","B02015_014","Asian","Laotian",442,199
"06007","Butte County, California","B02015_015","Asian","Malaysian",0,31
"06007","Butte County, California","B02015_016","Asian","Mien",385,216
"06007","Butte County, California","B02015_017","Asian","Singaporean",0,31
"06007","Butte County, California","B02015_018","Asian","Thai",63,40
"06007","Butte County, California","B02015_019","Asian","Vietnamese",479,252
"06007","Butte County, California","B02015_020","Asian","Other Southeast Asian",0,31
"06007","Butte County, California","B02015_021","Asian","Asian Indian",806,377
"06007","Butte County, California","B02015_022","Asian","Bangladeshi",136,174
"06007","Butte County, California","B02015_023","Asian","Bhutanese",0,31
"06007","Butte County, California","B02015_024","Asian","Nepalese",0,31
"06007","Butte County, California","B02015_025","Asian","Pakistani",190,179
"06007","Butte County, California","B02015_026","Asian","Sikh",0,31
"06007","Butte County, California","B02015_027","Asian","Sri Lankan",0,31
"06007","Butte County, California","B02015_028","Asian","Other South Asian",0,31
"06007","Butte County, California","B02015_029","Asian","Kazakh",14,23
"06007","Butte County, California","B02015_030","Asian","Uzbek",0,31
"06007","Butte County, California","B02015_031","Asian","Other Central Asian",36,52
"06007","Butte County, California","B02015_032","Asian","Other Asian, specified",0,31
"06007","Butte County, California","B02015_033","Asian","Other Asian, not specified",126,134
"06007","Butte County, California","B02015_034","Asian","Two or more Asian",285,137
"06009","Calaveras County, California","B02015_001","Asian","Total",896,235
"06009","Calaveras County, California","B02015_002","Asian","Chinese, except Taiwanese",96,87
"06009","Calaveras County, California","B02015_003","Asian","Hmong",0,28
"06009","Calaveras County, California","B02015_004","Asian","Japanese",46,61
"06009","Calaveras County, California","B02015_005","Asian","Korean",19,30
"06009","Calaveras County, California","B02015_006","Asian","Mongolian",0,28
"06009","Calaveras County, California","B02015_007","Asian","Okinawan",0,28
"06009","Calaveras County, California","B02015_008","Asian","Taiwanese",148,140
"06009","Calaveras County, California","B02015_009","Asian","Other East Asian",0,28
"06009","Calaveras County, California","B02015_010","Asian","Burmese",0,28
"06009","Calaveras County, California","B02015_011","Asian","Cambodian",0,28
"06009","Calaveras County, California","B02015_012","Asian","Filipino",343,222
"06009","Calaveras County, California","B02015_013","Asian","Indonesian",0,28
"06009","Calaveras County, California","B02015_014","Asian","Laotian",125,196
"06009","Calaveras County, California","B02015_015","Asian","Malaysian",0,28
"06009","Calaveras County, California","B02015_016","Asian","Mien",0,28
"06009","Calaveras County, California","B02015_017","Asian","Singaporean",0,28
"06009","Calaveras County, California","B02015_018","Asian","Thai",0,28
"06009","Calaveras County, California","B02015_019","Asian","Vietnamese",29,47
"06009","Calaveras County, California","B02015_020","Asian","Other Southeast Asian",0,28
"06009","Calaveras County, California","B02015_021","Asian","Asian Indian",0,28
"06009","Calaveras County, California","B02015_022","Asian","Bangladeshi",0,28
"06009","Calaveras County, California","B02015_023","Asian","Bhutanese",0,28
"06009","Calaveras County, California","B02015_024","Asian","Nepalese",0,28
"06009","Calaveras County, California","B02015_025","Asian","Pakistani",0,28
"06009","Calaveras County, California","B02015_026","Asian","Sikh",0,28
"06009","Calaveras County, California","B02015_027","Asian","Sri Lankan",0,28
"06009","Calaveras County, California","B02015_028","Asian","Other South Asian",0,28
"06009","Calaveras County, California","B02015_029","Asian","Kazakh",0,28
"06009","Calaveras County, California","B02015_030","Asian","Uzbek",0,28
"06009","Calaveras County, California","B02015_031","Asian","Other Central Asian",0,28
"06009","Calaveras County, California","B02015_032","Asian","Other Asian, specified",0,28
"06009","Calaveras County, California","B02015_033","Asian","Other Asian, not specified",87,132
"06009","Calaveras County, California","B02015_034","Asian","Two or more Asian",3,5
"06011","Colusa County, California","B02015_001","Asian","Total",164,214
"06011","Colusa County, California","B02015_002","Asian","Chinese, except Taiwanese",2,6
"06011","Colusa County, California","B02015_003","Asian","Hmong",0,25
"06011","Colusa County, California","B02015_004","Asian","Japanese",0,25
"06011","Colusa County, California","B02015_005","Asian","Korean",0,25
"06011","Colusa County, California","B02015_006","Asian","Mongolian",0,25
"06011","Colusa County, California","B02015_007","Asian","Okinawan",0,25
"06011","Colusa County, California","B02015_008","Asian","Taiwanese",0,25
"06011","Colusa County, California","B02015_009","Asian","Other East Asian",0,25
"06011","Colusa County, California","B02015_010","Asian","Burmese",0,25
"06011","Colusa County, California","B02015_011","Asian","Cambodian",26,53
"06011","Colusa County, California","B02015_012","Asian","Filipino",89,178
"06011","Colusa County, California","B02015_013","Asian","Indonesian",0,25
"06011","Colusa County, California","B02015_014","Asian","Laotian",0,25
"06011","Colusa County, California","B02015_015","Asian","Malaysian",0,25
"06011","Colusa County, California","B02015_016","Asian","Mien",0,25
"06011","Colusa County, California","B02015_017","Asian","Singaporean",0,25
"06011","Colusa County, California","B02015_018","Asian","Thai",1,3
"06011","Colusa County, California","B02015_019","Asian","Vietnamese",4,13
"06011","Colusa County, California","B02015_020","Asian","Other Southeast Asian",0,25
"06011","Colusa County, California","B02015_021","Asian","Asian Indian",3,10
"06011","Colusa County, California","B02015_022","Asian","Bangladeshi",0,25
"06011","Colusa County, California","B02015_023","Asian","Bhutanese",0,25
"06011","Colusa County, California","B02015_024","Asian","Nepalese",0,25
"06011","Colusa County, California","B02015_025","Asian","Pakistani",0,25
"06011","Colusa County, California","B02015_026","Asian","Sikh",0,25
"06011","Colusa County, California","B02015_027","Asian","Sri Lankan",0,25
"06011","Colusa County, California","B02015_028","Asian","Other South Asian",0,25
"06011","Colusa County, California","B02015_029","Asian","Kazakh",0,25
"06011","Colusa County, California","B02015_030","Asian","Uzbek",0,25
"06011","Colusa County, California","B02015_031","Asian","Other Central Asian",0,25
"06011","Colusa County, California","B02015_032","Asian","Other Asian, specified",0,25
"06011","Colusa County, California","B02015_033","Asian","Other Asian, not specified",27,43
"06011","Colusa County, California","B02015_034","Asian","Two or more Asian",12,23
"06013","Contra Costa County, California","B02015_001","Asian","Total",212568,2374
"06013","Contra Costa County, California","B02015_002","Asian","Chinese, except Taiwanese",52224,2541
"06013","Contra Costa County, California","B02015_003","Asian","Hmong",252,248
"06013","Contra Costa County, California","B02015_004","Asian","Japanese",7710,813
"06013","Contra Costa County, California","B02015_005","Asian","Korean",10486,1660
"06013","Contra Costa County, California","B02015_006","Asian","Mongolian",783,389
"06013","Contra Costa County, California","B02015_007","Asian","Okinawan",0,31
"06013","Contra Costa County, California","B02015_008","Asian","Taiwanese",3183,663
"06013","Contra Costa County, California","B02015_009","Asian","Other East Asian",0,31
"06013","Contra Costa County, California","B02015_010","Asian","Burmese",461,276
"06013","Contra Costa County, California","B02015_011","Asian","Cambodian",856,266
"06013","Contra Costa County, California","B02015_012","Asian","Filipino",56474,2706
"06013","Contra Costa County, California","B02015_013","Asian","Indonesian",1249,465
"06013","Contra Costa County, California","B02015_014","Asian","Laotian",3558,978
"06013","Contra Costa County, California","B02015_015","Asian","Malaysian",187,164
"06013","Contra Costa County, California","B02015_016","Asian","Mien",623,231
"06013","Contra Costa County, California","B02015_017","Asian","Singaporean",33,31
"06013","Contra Costa County, California","B02015_018","Asian","Thai",903,259
"06013","Contra Costa County, California","B02015_019","Asian","Vietnamese",11363,1465
"06013","Contra Costa County, California","B02015_020","Asian","Other Southeast Asian",0,31
"06013","Contra Costa County, California","B02015_021","Asian","Asian Indian",39628,2576
"06013","Contra Costa County, California","B02015_022","Asian","Bangladeshi",490,341
"06013","Contra Costa County, California","B02015_023","Asian","Bhutanese",70,106
"06013","Contra Costa County, California","B02015_024","Asian","Nepalese",2679,763
"06013","Contra Costa County, California","B02015_025","Asian","Pakistani",4060,1131
"06013","Contra Costa County, California","B02015_026","Asian","Sikh",102,143
"06013","Contra Costa County, California","B02015_027","Asian","Sri Lankan",594,295
"06013","Contra Costa County, California","B02015_028","Asian","Other South Asian",100,114
"06013","Contra Costa County, California","B02015_029","Asian","Kazakh",22,24
"06013","Contra Costa County, California","B02015_030","Asian","Uzbek",116,141
"06013","Contra Costa County, California","B02015_031","Asian","Other Central Asian",3269,1015
"06013","Contra Costa County, California","B02015_032","Asian","Other Asian, specified",0,31
"06013","Contra Costa County, California","B02015_033","Asian","Other Asian, not specified",1364,440
"06013","Contra Costa County, California","B02015_034","Asian","Two or more Asian",9729,1156
"06015","Del Norte County, California","B02015_001","Asian","Total",859,258
"06015","Del Norte County, California","B02015_002","Asian","Chinese, except Taiwanese",65,81
"06015","Del Norte County, California","B02015_003","Asian","Hmong",143,119
"06015","Del Norte County, California","B02015_004","Asian","Japanese",24,27
"06015","Del Norte County, California","B02015_005","Asian","Korean",139,115
"06015","Del Norte County, California","B02015_006","Asian","Mongolian",0,25
"06015","Del Norte County, California","B02015_007","Asian","Okinawan",0,25
"06015","Del Norte County, California","B02015_008","Asian","Taiwanese",0,25
"06015","Del Norte County, California","B02015_009","Asian","Other East Asian",0,25
"06015","Del Norte County, California","B02015_010","Asian","Burmese",0,25
"06015","Del Norte County, California","B02015_011","Asian","Cambodian",0,25
"06015","Del Norte County, California","B02015_012","Asian","Filipino",104,112
"06015","Del Norte County, California","B02015_013","Asian","Indonesian",0,25
"06015","Del Norte County, California","B02015_014","Asian","Laotian",9,21
"06015","Del Norte County, California","B02015_015","Asian","Malaysian",0,25
"06015","Del Norte County, California","B02015_016","Asian","Mien",0,25
"06015","Del Norte County, California","B02015_017","Asian","Singaporean",0,25
"06015","Del Norte County, California","B02015_018","Asian","Thai",17,20
"06015","Del Norte County, California","B02015_019","Asian","Vietnamese",19,34
"06015","Del Norte County, California","B02015_020","Asian","Other Southeast Asian",0,25
"06015","Del Norte County, California","B02015_021","Asian","Asian Indian",31,36
"06015","Del Norte County, California","B02015_022","Asian","Bangladeshi",0,25
"06015","Del Norte County, California","B02015_023","Asian","Bhutanese",0,25
"06015","Del Norte County, California","B02015_024","Asian","Nepalese",0,25
"06015","Del Norte County, California","B02015_025","Asian","Pakistani",0,25
"06015","Del Norte County, California","B02015_026","Asian","Sikh",0,25
"06015","Del Norte County, California","B02015_027","Asian","Sri Lankan",0,25
"06015","Del Norte County, California","B02015_028","Asian","Other South Asian",0,25
"06015","Del Norte County, California","B02015_029","Asian","Kazakh",0,25
"06015","Del Norte County, California","B02015_030","Asian","Uzbek",0,25
"06015","Del Norte County, California","B02015_031","Asian","Other Central Asian",0,25
"06015","Del Norte County, California","B02015_032","Asian","Other Asian, specified",0,25
"06015","Del Norte County, California","B02015_033","Asian","Other Asian, not specified",3,2
"06015","Del Norte County, California","B02015_034","Asian","Two or more Asian",305,328
"06017","El Dorado County, California","B02015_001","Asian","Total",9945,454
"06017","El Dorado County, California","B02015_002","Asian","Chinese, except Taiwanese",1435,405
"06017","El Dorado County, California","B02015_003","Asian","Hmong",34,30
"06017","El Dorado County, California","B02015_004","Asian","Japanese",570,187
"06017","El Dorado County, California","B02015_005","Asian","Korean",596,215
"06017","El Dorado County, California","B02015_006","Asian","Mongolian",0,31
"06017","El Dorado County, California","B02015_007","Asian","Okinawan",0,31
"06017","El Dorado County, California","B02015_008","Asian","Taiwanese",39,49
"06017","El Dorado County, California","B02015_009","Asian","Other East Asian",0,31
"06017","El Dorado County, California","B02015_010","Asian","Burmese",41,62
"06017","El Dorado County, California","B02015_011","Asian","Cambodian",161,124
"06017","El Dorado County, California","B02015_012","Asian","Filipino",3469,527
"06017","El Dorado County, California","B02015_013","Asian","Indonesian",88,77
"06017","El Dorado County, California","B02015_014","Asian","Laotian",7,12
"06017","El Dorado County, California","B02015_015","Asian","Malaysian",0,31
"06017","El Dorado County, California","B02015_016","Asian","Mien",0,31
"06017","El Dorado County, California","B02015_017","Asian","Singaporean",37,49
"06017","El Dorado County, California","B02015_018","Asian","Thai",81,75
"06017","El Dorado County, California","B02015_019","Asian","Vietnamese",764,320
"06017","El Dorado County, California","B02015_020","Asian","Other Southeast Asian",0,31
"06017","El Dorado County, California","B02015_021","Asian","Asian Indian",1655,476
"06017","El Dorado County, California","B02015_022","Asian","Bangladeshi",0,31
"06017","El Dorado County, California","B02015_023","Asian","Bhutanese",0,31
"06017","El Dorado County, California","B02015_024","Asian","Nepalese",0,31
"06017","El Dorado County, California","B02015_025","Asian","Pakistani",82,117
"06017","El Dorado County, California","B02015_026","Asian","Sikh",0,31
"06017","El Dorado County, California","B02015_027","Asian","Sri Lankan",101,123
"06017","El Dorado County, California","B02015_028","Asian","Other South Asian",0,31
"06017","El Dorado County, California","B02015_029","Asian","Kazakh",0,31
"06017","El Dorado County, California","B02015_030","Asian","Uzbek",0,31
"06017","El Dorado County, California","B02015_031","Asian","Other Central Asian",152,194
"06017","El Dorado County, California","B02015_032","Asian","Other Asian, specified",0,31
"06017","El Dorado County, California","B02015_033","Asian","Other Asian, not specified",145,131
"06017","El Dorado County, California","B02015_034","Asian","Two or more Asian",488,201
"06019","Fresno County, California","B02015_001","Asian","Total",108082,1520
"06019","Fresno County, California","B02015_002","Asian","Chinese, except Taiwanese",8097,1143
"06019","Fresno County, California","B02015_003","Asian","Hmong",33742,2149
"06019","Fresno County, California","B02015_004","Asian","Japanese",3353,532
"06019","Fresno County, California","B02015_005","Asian","Korean",1936,612
"06019","Fresno County, California","B02015_006","Asian","Mongolian",0,31
"06019","Fresno County, California","B02015_007","Asian","Okinawan",0,31
"06019","Fresno County, California","B02015_008","Asian","Taiwanese",231,145
"06019","Fresno County, California","B02015_009","Asian","Other East Asian",0,31
"06019","Fresno County, California","B02015_010","Asian","Burmese",295,191
"06019","Fresno County, California","B02015_011","Asian","Cambodian",5992,1488
"06019","Fresno County, California","B02015_012","Asian","Filipino",12801,1787
"06019","Fresno County, California","B02015_013","Asian","Indonesian",468,370
"06019","Fresno County, California","B02015_014","Asian","Laotian",6706,1141
"06019","Fresno County, California","B02015_015","Asian","Malaysian",13,22
"06019","Fresno County, California","B02015_016","Asian","Mien",123,87
"06019","Fresno County, California","B02015_017","Asian","Singaporean",6,10
"06019","Fresno County, California","B02015_018","Asian","Thai",438,259
"06019","Fresno County, California","B02015_019","Asian","Vietnamese",4302,862
"06019","Fresno County, California","B02015_020","Asian","Other Southeast Asian",16,27
"06019","Fresno County, California","B02015_021","Asian","Asian Indian",21129,2283
"06019","Fresno County, California","B02015_022","Asian","Bangladeshi",70,99
"06019","Fresno County, California","B02015_023","Asian","Bhutanese",0,31
"06019","Fresno County, California","B02015_024","Asian","Nepalese",85,101
"06019","Fresno County, California","B02015_025","Asian","Pakistani",1285,601
"06019","Fresno County, California","B02015_026","Asian","Sikh",1386,722
"06019","Fresno County, California","B02015_027","Asian","Sri Lankan",86,69
"06019","Fresno County, California","B02015_028","Asian","Other South Asian",0,31
"06019","Fresno County, California","B02015_029","Asian","Kazakh",0,31
"06019","Fresno County, California","B02015_030","Asian","Uzbek",0,31
"06019","Fresno County, California","B02015_031","Asian","Other Central Asian",64,109
"06019","Fresno County, California","B02015_032","Asian","Other Asian, specified",12,19
"06019","Fresno County, California","B02015_033","Asian","Other Asian, not specified",1410,528
"06019","Fresno County, California","B02015_034","Asian","Two or more Asian",4036,880
"06021","Glenn County, California","B02015_001","Asian","Total",985,172
"06021","Glenn County, California","B02015_002","Asian","Chinese, except Taiwanese",256,254
"06021","Glenn County, California","B02015_003","Asian","Hmong",450,454
"06021","Glenn County, California","B02015_004","Asian","Japanese",41,54
"06021","Glenn County, California","B02015_005","Asian","Korean",0,25
"06021","Glenn County, California","B02015_006","Asian","Mongolian",0,25
"06021","Glenn County, California","B02015_007","Asian","Okinawan",0,25
"06021","Glenn County, California","B02015_008","Asian","Taiwanese",0,25
"06021","Glenn County, California","B02015_009","Asian","Other East Asian",0,25
"06021","Glenn County, California","B02015_010","Asian","Burmese",0,25
"06021","Glenn County, California","B02015_011","Asian","Cambodian",0,25
"06021","Glenn County, California","B02015_012","Asian","Filipino",72,96
"06021","Glenn County, California","B02015_013","Asian","Indonesian",0,25
"06021","Glenn County, California","B02015_014","Asian","Laotian",67,81
"06021","Glenn County, California","B02015_015","Asian","Malaysian",0,25
"06021","Glenn County, California","B02015_016","Asian","Mien",0,25
"06021","Glenn County, California","B02015_017","Asian","Singaporean",0,25
"06021","Glenn County, California","B02015_018","Asian","Thai",2,10
"06021","Glenn County, California","B02015_019","Asian","Vietnamese",73,117
"06021","Glenn County, California","B02015_020","Asian","Other Southeast Asian",0,25
"06021","Glenn County, California","B02015_021","Asian","Asian Indian",13,25
"06021","Glenn County, California","B02015_022","Asian","Bangladeshi",0,25
"06021","Glenn County, California","B02015_023","Asian","Bhutanese",0,25
"06021","Glenn County, California","B02015_024","Asian","Nepalese",0,25
"06021","Glenn County, California","B02015_025","Asian","Pakistani",0,25
"06021","Glenn County, California","B02015_026","Asian","Sikh",0,25
"06021","Glenn County, California","B02015_027","Asian","Sri Lankan",0,25
"06021","Glenn County, California","B02015_028","Asian","Other South Asian",0,25
"06021","Glenn County, California","B02015_029","Asian","Kazakh",0,25
"06021","Glenn County, California","B02015_030","Asian","Uzbek",0,25
"06021","Glenn County, California","B02015_031","Asian","Other Central Asian",0,25
"06021","Glenn County, California","B02015_032","Asian","Other Asian, specified",0,25
"06021","Glenn County, California","B02015_033","Asian","Other Asian, not specified",11,17
"06021","Glenn County, California","B02015_034","Asian","Two or more Asian",0,25
"06023","Humboldt County, California","B02015_001","Asian","Total",4389,409
"06023","Humboldt County, California","B02015_002","Asian","Chinese, except Taiwanese",883,378
"06023","Humboldt County, California","B02015_003","Asian","Hmong",1362,423
"06023","Humboldt County, California","B02015_004","Asian","Japanese",222,130
"06023","Humboldt County, California","B02015_005","Asian","Korean",182,104
"06023","Humboldt County, California","B02015_006","Asian","Mongolian",0,31
"06023","Humboldt County, California","B02015_007","Asian","Okinawan",0,31
"06023","Humboldt County, California","B02015_008","Asian","Taiwanese",0,31
"06023","Humboldt County, California","B02015_009","Asian","Other East Asian",0,31
"06023","Humboldt County, California","B02015_010","Asian","Burmese",0,31
"06023","Humboldt County, California","B02015_011","Asian","Cambodian",35,49
"06023","Humboldt County, California","B02015_012","Asian","Filipino",537,194
"06023","Humboldt County, California","B02015_013","Asian","Indonesian",0,31
"06023","Humboldt County, California","B02015_014","Asian","Laotian",133,107
"06023","Humboldt County, California","B02015_015","Asian","Malaysian",0,31
"06023","Humboldt County, California","B02015_016","Asian","Mien",0,31
"06023","Humboldt County, California","B02015_017","Asian","Singaporean",0,31
"06023","Humboldt County, California","B02015_018","Asian","Thai",57,66
"06023","Humboldt County, California","B02015_019","Asian","Vietnamese",329,200
"06023","Humboldt County, California","B02015_020","Asian","Other Southeast Asian",51,75
"06023","Humboldt County, California","B02015_021","Asian","Asian Indian",186,146
"06023","Humboldt County, California","B02015_022","Asian","Bangladeshi",0,31
"06023","Humboldt County, California","B02015_023","Asian","Bhutanese",0,31
"06023","Humboldt County, California","B02015_024","Asian","Nepalese",0,31
"06023","Humboldt County, California","B02015_025","Asian","Pakistani",232,237
"06023","Humboldt County, California","B02015_026","Asian","Sikh",0,31
"06023","Humboldt County, California","B02015_027","Asian","Sri Lankan",34,44
"06023","Humboldt County, California","B02015_028","Asian","Other South Asian",0,31
"06023","Humboldt County, California","B02015_029","Asian","Kazakh",5,12
"06023","Humboldt County, California","B02015_030","Asian","Uzbek",0,31
"06023","Humboldt County, California","B02015_031","Asian","Other Central Asian",0,31
"06023","Humboldt County, California","B02015_032","Asian","Other Asian, specified",0,31
"06023","Humboldt County, California","B02015_033","Asian","Other Asian, not specified",3,5
"06023","Humboldt County, California","B02015_034","Asian","Two or more Asian",138,124
"06025","Imperial County, California","B02015_001","Asian","Total",2710,198
"06025","Imperial County, California","B02015_002","Asian","Chinese, except Taiwanese",592,212
"06025","Imperial County, California","B02015_003","Asian","Hmong",34,51
"06025","Imperial County, California","B02015_004","Asian","Japanese",272,152
"06025","Imperial County, California","B02015_005","Asian","Korean",650,279
"06025","Imperial County, California","B02015_006","Asian","Mongolian",0,31
"06025","Imperial County, California","B02015_007","Asian","Okinawan",0,31
"06025","Imperial County, California","B02015_008","Asian","Taiwanese",48,70
"06025","Imperial County, California","B02015_009","Asian","Other East Asian",0,31
"06025","Imperial County, California","B02015_010","Asian","Burmese",0,31
"06025","Imperial County, California","B02015_011","Asian","Cambodian",141,164
"06025","Imperial County, California","B02015_012","Asian","Filipino",454,228
"06025","Imperial County, California","B02015_013","Asian","Indonesian",0,31
"06025","Imperial County, California","B02015_014","Asian","Laotian",11,17
"06025","Imperial County, California","B02015_015","Asian","Malaysian",0,31
"06025","Imperial County, California","B02015_016","Asian","Mien",0,31
"06025","Imperial County, California","B02015_017","Asian","Singaporean",0,31
"06025","Imperial County, California","B02015_018","Asian","Thai",3,8
"06025","Imperial County, California","B02015_019","Asian","Vietnamese",153,122
"06025","Imperial County, California","B02015_020","Asian","Other Southeast Asian",0,31
"06025","Imperial County, California","B02015_021","Asian","Asian Indian",307,179
"06025","Imperial County, California","B02015_022","Asian","Bangladeshi",0,31
"06025","Imperial County, California","B02015_023","Asian","Bhutanese",0,31
"06025","Imperial County, California","B02015_024","Asian","Nepalese",0,31
"06025","Imperial County, California","B02015_025","Asian","Pakistani",6,10
"06025","Imperial County, California","B02015_026","Asian","Sikh",0,31
"06025","Imperial County, California","B02015_027","Asian","Sri Lankan",33,83
"06025","Imperial County, California","B02015_028","Asian","Other South Asian",0,31
"06025","Imperial County, California","B02015_029","Asian","Kazakh",0,31
"06025","Imperial County, California","B02015_030","Asian","Uzbek",0,31
"06025","Imperial County, California","B02015_031","Asian","Other Central Asian",0,31
"06025","Imperial County, California","B02015_032","Asian","Other Asian, specified",0,31
"06025","Imperial County, California","B02015_033","Asian","Other Asian, not specified",6,8
"06025","Imperial County, California","B02015_034","Asian","Two or more Asian",0,31
"06027","Inyo County, California","B02015_001","Asian","Total",324,103
"06027","Inyo County, California","B02015_002","Asian","Chinese, except Taiwanese",52,76
"06027","Inyo County, California","B02015_003","Asian","Hmong",8,14
"06027","Inyo County, California","B02015_004","Asian","Japanese",33,29
"06027","Inyo County, California","B02015_005","Asian","Korean",26,30
"06027","Inyo County, California","B02015_006","Asian","Mongolian",0,21
"06027","Inyo County, California","B02015_007","Asian","Okinawan",0,21
"06027","Inyo County, California","B02015_008","Asian","Taiwanese",0,21
"06027","Inyo County, California","B02015_009","Asian","Other East Asian",0,21
"06027","Inyo County, California","B02015_010","Asian","Burmese",0,21
"06027","Inyo County, California","B02015_011","Asian","Cambodian",0,21
"06027","Inyo County, California","B02015_012","Asian","Filipino",141,76
"06027","Inyo County, California","B02015_013","Asian","Indonesian",0,21
"06027","Inyo County, California","B02015_014","Asian","Laotian",0,21
"06027","Inyo County, California","B02015_015","Asian","Malaysian",0,21
"06027","Inyo County, California","B02015_016","Asian","Mien",0,21
"06027","Inyo County, California","B02015_017","Asian","Singaporean",0,21
"06027","Inyo County, California","B02015_018","Asian","Thai",0,21
"06027","Inyo County, California","B02015_019","Asian","Vietnamese",8,15
"06027","Inyo County, California","B02015_020","Asian","Other Southeast Asian",0,21
"06027","Inyo County, California","B02015_021","Asian","Asian Indian",52,96
"06027","Inyo County, California","B02015_022","Asian","Bangladeshi",0,21
"06027","Inyo County, California","B02015_023","Asian","Bhutanese",0,21
"06027","Inyo County, California","B02015_024","Asian","Nepalese",0,21
"06027","Inyo County, California","B02015_025","Asian","Pakistani",0,21
"06027","Inyo County, California","B02015_026","Asian","Sikh",0,21
"06027","Inyo County, California","B02015_027","Asian","Sri Lankan",0,21
"06027","Inyo County, California","B02015_028","Asian","Other South Asian",0,21
"06027","Inyo County, California","B02015_029","Asian","Kazakh",0,21
"06027","Inyo County, California","B02015_030","Asian","Uzbek",0,21
"06027","Inyo County, California","B02015_031","Asian","Other Central Asian",0,21
"06027","Inyo County, California","B02015_032","Asian","Other Asian, specified",0,21
"06027","Inyo County, California","B02015_033","Asian","Other Asian, not specified",0,21
"06027","Inyo County, California","B02015_034","Asian","Two or more Asian",4,8
"06029","Kern County, California","B02015_001","Asian","Total",44904,1227
"06029","Kern County, California","B02015_002","Asian","Chinese, except Taiwanese",4309,1076
"06029","Kern County, California","B02015_003","Asian","Hmong",418,350
"06029","Kern County, California","B02015_004","Asian","Japanese",1106,357
"06029","Kern County, California","B02015_005","Asian","Korean",1915,607
"06029","Kern County, California","B02015_006","Asian","Mongolian",0,31
"06029","Kern County, California","B02015_007","Asian","Okinawan",0,31
"06029","Kern County, California","B02015_008","Asian","Taiwanese",118,64
"06029","Kern County, California","B02015_009","Asian","Other East Asian",0,31
"06029","Kern County, California","B02015_010","Asian","Burmese",342,222
"06029","Kern County, California","B02015_011","Asian","Cambodian",857,488
"06029","Kern County, California","B02015_012","Asian","Filipino",18257,1816
"06029","Kern County, California","B02015_013","Asian","Indonesian",129,99
"06029","Kern County, California","B02015_014","Asian","Laotian",344,197
"06029","Kern County, California","B02015_015","Asian","Malaysian",57,79
"06029","Kern County, California","B02015_016","Asian","Mien",3,8
"06029","Kern County, California","B02015_017","Asian","Singaporean",0,31
"06029","Kern County, California","B02015_018","Asian","Thai",322,170
"06029","Kern County, California","B02015_019","Asian","Vietnamese",2643,742
"06029","Kern County, California","B02015_020","Asian","Other Southeast Asian",0,31
"06029","Kern County, California","B02015_021","Asian","Asian Indian",12152,1707
"06029","Kern County, California","B02015_022","Asian","Bangladeshi",246,243
"06029","Kern County, California","B02015_023","Asian","Bhutanese",0,31
"06029","Kern County, California","B02015_024","Asian","Nepalese",32,42
"06029","Kern County, California","B02015_025","Asian","Pakistani",77,61
"06029","Kern County, California","B02015_026","Asian","Sikh",201,265
"06029","Kern County, California","B02015_027","Asian","Sri Lankan",64,84
"06029","Kern County, California","B02015_028","Asian","Other South Asian",0,31
"06029","Kern County, California","B02015_029","Asian","Kazakh",39,61
"06029","Kern County, California","B02015_030","Asian","Uzbek",0,31
"06029","Kern County, California","B02015_031","Asian","Other Central Asian",4,8
"06029","Kern County, California","B02015_032","Asian","Other Asian, specified",0,31
"06029","Kern County, California","B02015_033","Asian","Other Asian, not specified",106,85
"06029","Kern County, California","B02015_034","Asian","Two or more Asian",1163,432
"06031","Kings County, California","B02015_001","Asian","Total",5943,448
"06031","Kings County, California","B02015_002","Asian","Chinese, except Taiwanese",631,217
"06031","Kings County, California","B02015_003","Asian","Hmong",706,380
"06031","Kings County, California","B02015_004","Asian","Japanese",274,146
"06031","Kings County, California","B02015_005","Asian","Korean",182,121
"06031","Kings County, California","B02015_006","Asian","Mongolian",0,31
"06031","Kings County, California","B02015_007","Asian","Okinawan",0,31
"06031","Kings County, California","B02015_008","Asian","Taiwanese",0,31
"06031","Kings County, California","B02015_009","Asian","Other East Asian",0,31
"06031","Kings County, California","B02015_010","Asian","Burmese",0,31
"06031","Kings County, California","B02015_011","Asian","Cambodian",68,39
"06031","Kings County, California","B02015_012","Asian","Filipino",3505,428
"06031","Kings County, California","B02015_013","Asian","Indonesian",0,31
"06031","Kings County, California","B02015_014","Asian","Laotian",116,120
"06031","Kings County, California","B02015_015","Asian","Malaysian",0,31
"06031","Kings County, California","B02015_016","Asian","Mien",0,31
"06031","Kings County, California","B02015_017","Asian","Singaporean",0,31
"06031","Kings County, California","B02015_018","Asian","Thai",37,32
"06031","Kings County, California","B02015_019","Asian","Vietnamese",179,119
"06031","Kings County, California","B02015_020","Asian","Other Southeast Asian",0,31
"06031","Kings County, California","B02015_021","Asian","Asian Indian",83,56
"06031","Kings County, California","B02015_022","Asian","Bangladeshi",0,31
"06031","Kings County, California","B02015_023","Asian","Bhutanese",0,31
"06031","Kings County, California","B02015_024","Asian","Nepalese",0,31
"06031","Kings County, California","B02015_025","Asian","Pakistani",4,7
"06031","Kings County, California","B02015_026","Asian","Sikh",0,31
"06031","Kings County, California","B02015_027","Asian","Sri Lankan",0,31
"06031","Kings County, California","B02015_028","Asian","Other South Asian",0,31
"06031","Kings County, California","B02015_029","Asian","Kazakh",0,31
"06031","Kings County, California","B02015_030","Asian","Uzbek",0,31
"06031","Kings County, California","B02015_031","Asian","Other Central Asian",0,31
"06031","Kings County, California","B02015_032","Asian","Other Asian, specified",0,31
"06031","Kings County, California","B02015_033","Asian","Other Asian, not specified",39,50
"06031","Kings County, California","B02015_034","Asian","Two or more Asian",119,86
"06033","Lake County, California","B02015_001","Asian","Total",923,211
"06033","Lake County, California","B02015_002","Asian","Chinese, except Taiwanese",103,73
"06033","Lake County, California","B02015_003","Asian","Hmong",0,31
"06033","Lake County, California","B02015_004","Asian","Japanese",82,55
"06033","Lake County, California","B02015_005","Asian","Korean",129,170
"06033","Lake County, California","B02015_006","Asian","Mongolian",0,31
"06033","Lake County, California","B02015_007","Asian","Okinawan",0,31
"06033","Lake County, California","B02015_008","Asian","Taiwanese",0,31
"06033","Lake County, California","B02015_009","Asian","Other East Asian",0,31
"06033","Lake County, California","B02015_010","Asian","Burmese",0,31
"06033","Lake County, California","B02015_011","Asian","Cambodian",8,16
"06033","Lake County, California","B02015_012","Asian","Filipino",292,92
"06033","Lake County, California","B02015_013","Asian","Indonesian",0,31
"06033","Lake County, California","B02015_014","Asian","Laotian",20,27
"06033","Lake County, California","B02015_015","Asian","Malaysian",0,31
"06033","Lake County, California","B02015_016","Asian","Mien",0,31
"06033","Lake County, California","B02015_017","Asian","Singaporean",0,31
"06033","Lake County, California","B02015_018","Asian","Thai",11,21
"06033","Lake County, California","B02015_019","Asian","Vietnamese",34,42
"06033","Lake County, California","B02015_020","Asian","Other Southeast Asian",0,31
"06033","Lake County, California","B02015_021","Asian","Asian Indian",13,30
"06033","Lake County, California","B02015_022","Asian","Bangladeshi",0,31
"06033","Lake County, California","B02015_023","Asian","Bhutanese",0,31
"06033","Lake County, California","B02015_024","Asian","Nepalese",0,31
"06033","Lake County, California","B02015_025","Asian","Pakistani",0,31
"06033","Lake County, California","B02015_026","Asian","Sikh",0,31
"06033","Lake County, California","B02015_027","Asian","Sri Lankan",0,31
"06033","Lake County, California","B02015_028","Asian","Other South Asian",0,31
"06033","Lake County, California","B02015_029","Asian","Kazakh",0,31
"06033","Lake County, California","B02015_030","Asian","Uzbek",0,31
"06033","Lake County, California","B02015_031","Asian","Other Central Asian",0,31
"06033","Lake County, California","B02015_032","Asian","Other Asian, specified",0,31
"06033","Lake County, California","B02015_033","Asian","Other Asian, not specified",45,49
"06033","Lake County, California","B02015_034","Asian","Two or more Asian",186,228
"06035","Lassen County, California","B02015_001","Asian","Total",569,113
"06035","Lassen County, California","B02015_002","Asian","Chinese, except Taiwanese",116,90
"06035","Lassen County, California","B02015_003","Asian","Hmong",40,42
"06035","Lassen County, California","B02015_004","Asian","Japanese",15,17
"06035","Lassen County, California","B02015_005","Asian","Korean",29,53
"06035","Lassen County, California","B02015_006","Asian","Mongolian",0,28
"06035","Lassen County, California","B02015_007","Asian","Okinawan",0,28
"06035","Lassen County, California","B02015_008","Asian","Taiwanese",0,28
"06035","Lassen County, California","B02015_009","Asian","Other East Asian",0,28
"06035","Lassen County, California","B02015_010","Asian","Burmese",0,28
"06035","Lassen County, California","B02015_011","Asian","Cambodian",37,53
"06035","Lassen County, California","B02015_012","Asian","Filipino",197,114
"06035","Lassen County, California","B02015_013","Asian","Indonesian",6,12
"06035","Lassen County, California","B02015_014","Asian","Laotian",0,28
"06035","Lassen County, California","B02015_015","Asian","Malaysian",0,28
"06035","Lassen County, California","B02015_016","Asian","Mien",32,47
"06035","Lassen County, California","B02015_017","Asian","Singaporean",0,28
"06035","Lassen County, California","B02015_018","Asian","Thai",0,28
"06035","Lassen County, California","B02015_019","Asian","Vietnamese",38,37
"06035","Lassen County, California","B02015_020","Asian","Other Southeast Asian",0,28
"06035","Lassen County, California","B02015_021","Asian","Asian Indian",0,28
"06035","Lassen County, California","B02015_022","Asian","Bangladeshi",0,28
"06035","Lassen County, California","B02015_023","Asian","Bhutanese",0,28
"06035","Lassen County, California","B02015_024","Asian","Nepalese",0,28
"06035","Lassen County, California","B02015_025","Asian","Pakistani",3,5
"06035","Lassen County, California","B02015_026","Asian","Sikh",0,28
"06035","Lassen County, California","B02015_027","Asian","Sri Lankan",0,28
"06035","Lassen County, California","B02015_028","Asian","Other South Asian",0,28
"06035","Lassen County, California","B02015_029","Asian","Kazakh",0,28
"06035","Lassen County, California","B02015_030","Asian","Uzbek",0,28
"06035","Lassen County, California","B02015_031","Asian","Other Central Asian",0,28
"06035","Lassen County, California","B02015_032","Asian","Other Asian, specified",0,28
"06035","Lassen County, California","B02015_033","Asian","Other Asian, not specified",19,26
"06035","Lassen County, California","B02015_034","Asian","Two or more Asian",37,51
"06037","Los Angeles County, California","B02015_001","Asian","Total",1473634,4986
"06037","Los Angeles County, California","B02015_002","Asian","Chinese, except Taiwanese",434338,6512
"06037","Los Angeles County, California","B02015_003","Asian","Hmong",1206,406
"06037","Los Angeles County, California","B02015_004","Asian","Japanese",96020,3339
"06037","Los Angeles County, California","B02015_005","Asian","Korean",203328,4512
"06037","Los Angeles County, California","B02015_006","Asian","Mongolian",2199,751
"06037","Los Angeles County, California","B02015_007","Asian","Okinawan",154,82
"06037","Los Angeles County, California","B02015_008","Asian","Taiwanese",34863,2325
"06037","Los Angeles County, California","B02015_009","Asian","Other East Asian",41,62
"06037","Los Angeles County, California","B02015_010","Asian","Burmese",5985,958
"06037","Los Angeles County, California","B02015_011","Asian","Cambodian",31772,2124
"06037","Los Angeles County, California","B02015_012","Asian","Filipino",335080,5921
"06037","Los Angeles County, California","B02015_013","Asian","Indonesian",8856,1058
"06037","Los Angeles County, California","B02015_014","Asian","Laotian",3006,609
"06037","Los Angeles County, California","B02015_015","Asian","Malaysian",805,237
"06037","Los Angeles County, California","B02015_016","Asian","Mien",183,195
"06037","Los Angeles County, California","B02015_017","Asian","Singaporean",371,146
"06037","Los Angeles County, California","B02015_018","Asian","Thai",21700,1510
"06037","Los Angeles County, California","B02015_019","Asian","Vietnamese",97523,4112
"06037","Los Angeles County, California","B02015_020","Asian","Other Southeast Asian",219,185
"06037","Los Angeles County, California","B02015_021","Asian","Asian Indian",99158,3620
"06037","Los Angeles County, California","B02015_022","Asian","Bangladeshi",7080,1113
"06037","Los Angeles County, California","B02015_023","Asian","Bhutanese",0,31
"06037","Los Angeles County, California","B02015_024","Asian","Nepalese",2753,756
"06037","Los Angeles County, California","B02015_025","Asian","Pakistani",11933,1519
"06037","Los Angeles County, California","B02015_026","Asian","Sikh",528,580
"06037","Los Angeles County, California","B02015_027","Asian","Sri Lankan",3786,589
"06037","Los Angeles County, California","B02015_028","Asian","Other South Asian",317,225
"06037","Los Angeles County, California","B02015_029","Asian","Kazakh",361,234
"06037","Los Angeles County, California","B02015_030","Asian","Uzbek",267,366
"06037","Los Angeles County, California","B02015_031","Asian","Other Central Asian",2373,700
"06037","Los Angeles County, California","B02015_032","Asian","Other Asian, specified",282,247
"06037","Los Angeles County, California","B02015_033","Asian","Other Asian, not specified",7582,1071
"06037","Los Angeles County, California","B02015_034","Asian","Two or more Asian",59565,2640
"06039","Madera County, California","B02015_001","Asian","Total",3675,275
"06039","Madera County, California","B02015_002","Asian","Chinese, except Taiwanese",681,464
"06039","Madera County, California","B02015_003","Asian","Hmong",232,191
"06039","Madera County, California","B02015_004","Asian","Japanese",59,49
"06039","Madera County, California","B02015_005","Asian","Korean",82,57
"06039","Madera County, California","B02015_006","Asian","Mongolian",0,31
"06039","Madera County, California","B02015_007","Asian","Okinawan",0,31
"06039","Madera County, California","B02015_008","Asian","Taiwanese",0,31
"06039","Madera County, California","B02015_009","Asian","Other East Asian",0,31
"06039","Madera County, California","B02015_010","Asian","Burmese",22,36
"06039","Madera County, California","B02015_011","Asian","Cambodian",42,63
"06039","Madera County, California","B02015_012","Asian","Filipino",423,210
"06039","Madera County, California","B02015_013","Asian","Indonesian",0,31
"06039","Madera County, California","B02015_014","Asian","Laotian",18,16
"06039","Madera County, California","B02015_015","Asian","Malaysian",0,31
"06039","Madera County, California","B02015_016","Asian","Mien",14,22
"06039","Madera County, California","B02015_017","Asian","Singaporean",0,31
"06039","Madera County, California","B02015_018","Asian","Thai",46,47
"06039","Madera County, California","B02015_019","Asian","Vietnamese",238,144
"06039","Madera County, California","B02015_020","Asian","Other Southeast Asian",0,31
"06039","Madera County, California","B02015_021","Asian","Asian Indian",1440,438
"06039","Madera County, California","B02015_022","Asian","Bangladeshi",0,31
"06039","Madera County, California","B02015_023","Asian","Bhutanese",0,31
"06039","Madera County, California","B02015_024","Asian","Nepalese",0,31
"06039","Madera County, California","B02015_025","Asian","Pakistani",163,184
"06039","Madera County, California","B02015_026","Asian","Sikh",0,31
"06039","Madera County, California","B02015_027","Asian","Sri Lankan",0,31
"06039","Madera County, California","B02015_028","Asian","Other South Asian",0,31
"06039","Madera County, California","B02015_029","Asian","Kazakh",0,31
"06039","Madera County, California","B02015_030","Asian","Uzbek",0,31
"06039","Madera County, California","B02015_031","Asian","Other Central Asian",0,31
"06039","Madera County, California","B02015_032","Asian","Other Asian, specified",0,31
"06039","Madera County, California","B02015_033","Asian","Other Asian, not specified",199,166
"06039","Madera County, California","B02015_034","Asian","Two or more Asian",16,28
"06041","Marin County, California","B02015_001","Asian","Total",16403,696
"06041","Marin County, California","B02015_002","Asian","Chinese, except Taiwanese",4790,532
"06041","Marin County, California","B02015_003","Asian","Hmong",11,12
"06041","Marin County, California","B02015_004","Asian","Japanese",1701,384
"06041","Marin County, California","B02015_005","Asian","Korean",1519,426
"06041","Marin County, California","B02015_006","Asian","Mongolian",72,100
"06041","Marin County, California","B02015_007","Asian","Okinawan",0,31
"06041","Marin County, California","B02015_008","Asian","Taiwanese",125,72
"06041","Marin County, California","B02015_009","Asian","Other East Asian",0,31
"06041","Marin County, California","B02015_010","Asian","Burmese",0,31
"06041","Marin County, California","B02015_011","Asian","Cambodian",268,171
"06041","Marin County, California","B02015_012","Asian","Filipino",2139,357
"06041","Marin County, California","B02015_013","Asian","Indonesian",37,39
"06041","Marin County, California","B02015_014","Asian","Laotian",32,32
"06041","Marin County, California","B02015_015","Asian","Malaysian",32,36
"06041","Marin County, California","B02015_016","Asian","Mien",0,31
"06041","Marin County, California","B02015_017","Asian","Singaporean",10,16
"06041","Marin County, California","B02015_018","Asian","Thai",353,154
"06041","Marin County, California","B02015_019","Asian","Vietnamese",1587,457
"06041","Marin County, California","B02015_020","Asian","Other Southeast Asian",0,31
"06041","Marin County, California","B02015_021","Asian","Asian Indian",2284,481
"06041","Marin County, California","B02015_022","Asian","Bangladeshi",0,31
"06041","Marin County, California","B02015_023","Asian","Bhutanese",0,31
"06041","Marin County, California","B02015_024","Asian","Nepalese",0,31
"06041","Marin County, California","B02015_025","Asian","Pakistani",57,37
"06041","Marin County, California","B02015_026","Asian","Sikh",0,31
"06041","Marin County, California","B02015_027","Asian","Sri Lankan",114,103
"06041","Marin County, California","B02015_028","Asian","Other South Asian",0,31
"06041","Marin County, California","B02015_029","Asian","Kazakh",0,31
"06041","Marin County, California","B02015_030","Asian","Uzbek",0,31
"06041","Marin County, California","B02015_031","Asian","Other Central Asian",0,31
"06041","Marin County, California","B02015_032","Asian","Other Asian, specified",0,31
"06041","Marin County, California","B02015_033","Asian","Other Asian, not specified",401,285
"06041","Marin County, California","B02015_034","Asian","Two or more Asian",871,300
"06043","Mariposa County, California","B02015_001","Asian","Total",230,83
"06043","Mariposa County, California","B02015_002","Asian","Chinese, except Taiwanese",27,24
"06043","Mariposa County, California","B02015_003","Asian","Hmong",8,16
"06043","Mariposa County, California","B02015_004","Asian","Japanese",28,38
"06043","Mariposa County, California","B02015_005","Asian","Korean",29,69
"06043","Mariposa County, California","B02015_006","Asian","Mongolian",0,21
"06043","Mariposa County, California","B02015_007","Asian","Okinawan",0,21
"06043","Mariposa County, California","B02015_008","Asian","Taiwanese",0,21
"06043","Mariposa County, California","B02015_009","Asian","Other East Asian",0,21
"06043","Mariposa County, California","B02015_010","Asian","Burmese",0,21
"06043","Mariposa County, California","B02015_011","Asian","Cambodian",0,21
"06043","Mariposa County, California","B02015_012","Asian","Filipino",84,103
"06043","Mariposa County, California","B02015_013","Asian","Indonesian",0,21
"06043","Mariposa County, California","B02015_014","Asian","Laotian",35,48
"06043","Mariposa County, California","B02015_015","Asian","Malaysian",0,21
"06043","Mariposa County, California","B02015_016","Asian","Mien",0,21
"06043","Mariposa County, California","B02015_017","Asian","Singaporean",0,21
"06043","Mariposa County, California","B02015_018","Asian","Thai",0,21
"06043","Mariposa County, California","B02015_019","Asian","Vietnamese",4,9
"06043","Mariposa County, California","B02015_020","Asian","Other Southeast Asian",0,21
"06043","Mariposa County, California","B02015_021","Asian","Asian Indian",0,21
"06043","Mariposa County, California","B02015_022","Asian","Bangladeshi",0,21
"06043","Mariposa County, California","B02015_023","Asian","Bhutanese",0,21
"06043","Mariposa County, California","B02015_024","Asian","Nepalese",0,21
"06043","Mariposa County, California","B02015_025","Asian","Pakistani",0,21
"06043","Mariposa County, California","B02015_026","Asian","Sikh",0,21
"06043","Mariposa County, California","B02015_027","Asian","Sri Lankan",0,21
"06043","Mariposa County, California","B02015_028","Asian","Other South Asian",0,21
"06043","Mariposa County, California","B02015_029","Asian","Kazakh",0,21
"06043","Mariposa County, California","B02015_030","Asian","Uzbek",0,21
"06043","Mariposa County, California","B02015_031","Asian","Other Central Asian",0,21
"06043","Mariposa County, California","B02015_032","Asian","Other Asian, specified",0,21
"06043","Mariposa County, California","B02015_033","Asian","Other Asian, not specified",0,21
"06043","Mariposa County, California","B02015_034","Asian","Two or more Asian",15,21
"06045","Mendocino County, California","B02015_001","Asian","Total",1961,177
"06045","Mendocino County, California","B02015_002","Asian","Chinese, except Taiwanese",754,220
"06045","Mendocino County, California","B02015_003","Asian","Hmong",3,19
"06045","Mendocino County, California","B02015_004","Asian","Japanese",114,83
"06045","Mendocino County, California","B02015_005","Asian","Korean",207,132
"06045","Mendocino County, California","B02015_006","Asian","Mongolian",10,20
"06045","Mendocino County, California","B02015_007","Asian","Okinawan",0,31
"06045","Mendocino County, California","B02015_008","Asian","Taiwanese",22,33
"06045","Mendocino County, California","B02015_009","Asian","Other East Asian",0,31
"06045","Mendocino County, California","B02015_010","Asian","Burmese",0,31
"06045","Mendocino County, California","B02015_011","Asian","Cambodian",0,31
"06045","Mendocino County, California","B02015_012","Asian","Filipino",415,145
"06045","Mendocino County, California","B02015_013","Asian","Indonesian",7,10
"06045","Mendocino County, California","B02015_014","Asian","Laotian",43,63
"06045","Mendocino County, California","B02015_015","Asian","Malaysian",46,63
"06045","Mendocino County, California","B02015_016","Asian","Mien",0,31
"06045","Mendocino County, California","B02015_017","Asian","Singaporean",0,31
"06045","Mendocino County, California","B02015_018","Asian","Thai",41,47
"06045","Mendocino County, California","B02015_019","Asian","Vietnamese",82,70
"06045","Mendocino County, California","B02015_020","Asian","Other Southeast Asian",0,31
"06045","Mendocino County, California","B02015_021","Asian","Asian Indian",24,29
"06045","Mendocino County, California","B02015_022","Asian","Bangladeshi",0,31
"06045","Mendocino County, California","B02015_023","Asian","Bhutanese",0,31
"06045","Mendocino County, California","B02015_024","Asian","Nepalese",19,31
"06045","Mendocino County, California","B02015_025","Asian","Pakistani",0,31
"06045","Mendocino County, California","B02015_026","Asian","Sikh",0,31
"06045","Mendocino County, California","B02015_027","Asian","Sri Lankan",0,31
"06045","Mendocino County, California","B02015_028","Asian","Other South Asian",0,31
"06045","Mendocino County, California","B02015_029","Asian","Kazakh",0,31
"06045","Mendocino County, California","B02015_030","Asian","Uzbek",0,31
"06045","Mendocino County, California","B02015_031","Asian","Other Central Asian",0,31
"06045","Mendocino County, California","B02015_032","Asian","Other Asian, specified",0,31
"06045","Mendocino County, California","B02015_033","Asian","Other Asian, not specified",142,140
"06045","Mendocino County, California","B02015_034","Asian","Two or more Asian",32,32
"06047","Merced County, California","B02015_001","Asian","Total",20601,606
"06047","Merced County, California","B02015_002","Asian","Chinese, except Taiwanese",904,346
"06047","Merced County, California","B02015_003","Asian","Hmong",7254,928
"06047","Merced County, California","B02015_004","Asian","Japanese",276,115
"06047","Merced County, California","B02015_005","Asian","Korean",640,271
"06047","Merced County, California","B02015_006","Asian","Mongolian",21,30
"06047","Merced County, California","B02015_007","Asian","Okinawan",0,31
"06047","Merced County, California","B02015_008","Asian","Taiwanese",230,248
"06047","Merced County, California","B02015_009","Asian","Other East Asian",0,31
"06047","Merced County, California","B02015_010","Asian","Burmese",0,31
"06047","Merced County, California","B02015_011","Asian","Cambodian",113,77
"06047","Merced County, California","B02015_012","Asian","Filipino",2061,443
"06047","Merced County, California","B02015_013","Asian","Indonesian",14,16
"06047","Merced County, California","B02015_014","Asian","Laotian",447,267
"06047","Merced County, California","B02015_015","Asian","Malaysian",10,17
"06047","Merced County, California","B02015_016","Asian","Mien",366,254
"06047","Merced County, California","B02015_017","Asian","Singaporean",0,31
"06047","Merced County, California","B02015_018","Asian","Thai",550,393
"06047","Merced County, California","B02015_019","Asian","Vietnamese",619,308
"06047","Merced County, California","B02015_020","Asian","Other Southeast Asian",35,49
"06047","Merced County, California","B02015_021","Asian","Asian Indian",6273,1009
"06047","Merced County, California","B02015_022","Asian","Bangladeshi",2,31
"06047","Merced County, California","B02015_023","Asian","Bhutanese",0,31
"06047","Merced County, California","B02015_024","Asian","Nepalese",14,27
"06047","Merced County, California","B02015_025","Asian","Pakistani",211,173
"06047","Merced County, California","B02015_026","Asian","Sikh",0,31
"06047","Merced County, California","B02015_027","Asian","Sri Lankan",7,13
"06047","Merced County, California","B02015_028","Asian","Other South Asian",0,31
"06047","Merced County, California","B02015_029","Asian","Kazakh",0,31
"06047","Merced County, California","B02015_030","Asian","Uzbek",0,31
"06047","Merced County, California","B02015_031","Asian","Other Central Asian",103,144
"06047","Merced County, California","B02015_032","Asian","Other Asian, specified",0,31
"06047","Merced County, California","B02015_033","Asian","Other Asian, not specified",51,42
"06047","Merced County, California","B02015_034","Asian","Two or more Asian",400,255
"06049","Modoc County, California","B02015_001","Asian","Total",123,234
"06049","Modoc County, California","B02015_002","Asian","Chinese, except Taiwanese",65,175
"06049","Modoc County, California","B02015_003","Asian","Hmong",0,19
"06049","Modoc County, California","B02015_004","Asian","Japanese",0,19
"06049","Modoc County, California","B02015_005","Asian","Korean",1,24
"06049","Modoc County, California","B02015_006","Asian","Mongolian",0,19
"06049","Modoc County, California","B02015_007","Asian","Okinawan",0,19
"06049","Modoc County, California","B02015_008","Asian","Taiwanese",0,19
"06049","Modoc County, California","B02015_009","Asian","Other East Asian",0,19
"06049","Modoc County, California","B02015_010","Asian","Burmese",0,19
"06049","Modoc County, California","B02015_011","Asian","Cambodian",49,150
"06049","Modoc County, California","B02015_012","Asian","Filipino",5,15
"06049","Modoc County, California","B02015_013","Asian","Indonesian",0,19
"06049","Modoc County, California","B02015_014","Asian","Laotian",0,19
"06049","Modoc County, California","B02015_015","Asian","Malaysian",0,19
"06049","Modoc County, California","B02015_016","Asian","Mien",0,19
"06049","Modoc County, California","B02015_017","Asian","Singaporean",0,19
"06049","Modoc County, California","B02015_018","Asian","Thai",0,19
"06049","Modoc County, California","B02015_019","Asian","Vietnamese",3,9
"06049","Modoc County, California","B02015_020","Asian","Other Southeast Asian",0,19
"06049","Modoc County, California","B02015_021","Asian","Asian Indian",0,19
"06049","Modoc County, California","B02015_022","Asian","Bangladeshi",0,19
"06049","Modoc County, California","B02015_023","Asian","Bhutanese",0,19
"06049","Modoc County, California","B02015_024","Asian","Nepalese",0,19
"06049","Modoc County, California","B02015_025","Asian","Pakistani",0,19
"06049","Modoc County, California","B02015_026","Asian","Sikh",0,19
"06049","Modoc County, California","B02015_027","Asian","Sri Lankan",0,19
"06049","Modoc County, California","B02015_028","Asian","Other South Asian",0,19
"06049","Modoc County, California","B02015_029","Asian","Kazakh",0,19
"06049","Modoc County, California","B02015_030","Asian","Uzbek",0,19
"06049","Modoc County, California","B02015_031","Asian","Other Central Asian",0,19
"06049","Modoc County, California","B02015_032","Asian","Other Asian, specified",0,19
"06049","Modoc County, California","B02015_033","Asian","Other Asian, not specified",0,19
"06049","Modoc County, California","B02015_034","Asian","Two or more Asian",0,19
"06051","Mono County, California","B02015_001","Asian","Total",542,85
"06051","Mono County, California","B02015_002","Asian","Chinese, except Taiwanese",4,5
"06051","Mono County, California","B02015_003","Asian","Hmong",0,21
"06051","Mono County, California","B02015_004","Asian","Japanese",26,45
"06051","Mono County, California","B02015_005","Asian","Korean",0,21
"06051","Mono County, California","B02015_006","Asian","Mongolian",0,21
"06051","Mono County, California","B02015_007","Asian","Okinawan",0,21
"06051","Mono County, California","B02015_008","Asian","Taiwanese",0,21
"06051","Mono County, California","B02015_009","Asian","Other East Asian",0,21
"06051","Mono County, California","B02015_010","Asian","Burmese",0,21
"06051","Mono County, California","B02015_011","Asian","Cambodian",35,28
"06051","Mono County, California","B02015_012","Asian","Filipino",34,84
"06051","Mono County, California","B02015_013","Asian","Indonesian",0,21
"06051","Mono County, California","B02015_014","Asian","Laotian",0,21
"06051","Mono County, California","B02015_015","Asian","Malaysian",0,21
"06051","Mono County, California","B02015_016","Asian","Mien",0,21
"06051","Mono County, California","B02015_017","Asian","Singaporean",0,21
"06051","Mono County, California","B02015_018","Asian","Thai",0,21
"06051","Mono County, California","B02015_019","Asian","Vietnamese",57,68
"06051","Mono County, California","B02015_020","Asian","Other Southeast Asian",0,21
"06051","Mono County, California","B02015_021","Asian","Asian Indian",2,5
"06051","Mono County, California","B02015_022","Asian","Bangladeshi",0,21
"06051","Mono County, California","B02015_023","Asian","Bhutanese",0,21
"06051","Mono County, California","B02015_024","Asian","Nepalese",0,21
"06051","Mono County, California","B02015_025","Asian","Pakistani",0,21
"06051","Mono County, California","B02015_026","Asian","Sikh",0,21
"06051","Mono County, California","B02015_027","Asian","Sri Lankan",0,21
"06051","Mono County, California","B02015_028","Asian","Other South Asian",0,21
"06051","Mono County, California","B02015_029","Asian","Kazakh",0,21
"06051","Mono County, California","B02015_030","Asian","Uzbek",0,21
"06051","Mono County, California","B02015_031","Asian","Other Central Asian",0,21
"06051","Mono County, California","B02015_032","Asian","Other Asian, specified",0,21
"06051","Mono County, California","B02015_033","Asian","Other Asian, not specified",366,190
"06051","Mono County, California","B02015_034","Asian","Two or more Asian",18,32
"06053","Monterey County, California","B02015_001","Asian","Total",25927,854
"06053","Monterey County, California","B02015_002","Asian","Chinese, except Taiwanese",3776,692
"06053","Monterey County, California","B02015_003","Asian","Hmong",41,68
"06053","Monterey County, California","B02015_004","Asian","Japanese",2149,363
"06053","Monterey County, California","B02015_005","Asian","Korean",2286,465
"06053","Monterey County, California","B02015_006","Asian","Mongolian",78,102
"06053","Monterey County, California","B02015_007","Asian","Okinawan",0,31
"06053","Monterey County, California","B02015_008","Asian","Taiwanese",106,83
"06053","Monterey County, California","B02015_009","Asian","Other East Asian",0,31
"06053","Monterey County, California","B02015_010","Asian","Burmese",31,36
"06053","Monterey County, California","B02015_011","Asian","Cambodian",65,37
"06053","Monterey County, California","B02015_012","Asian","Filipino",11503,1063
"06053","Monterey County, California","B02015_013","Asian","Indonesian",52,46
"06053","Monterey County, California","B02015_014","Asian","Laotian",4,11
"06053","Monterey County, California","B02015_015","Asian","Malaysian",21,29
"06053","Monterey County, California","B02015_016","Asian","Mien",0,31
"06053","Monterey County, California","B02015_017","Asian","Singaporean",43,5
"06053","Monterey County, California","B02015_018","Asian","Thai",349,212
"06053","Monterey County, California","B02015_019","Asian","Vietnamese",1675,449
"06053","Monterey County, California","B02015_020","Asian","Other Southeast Asian",0,31
"06053","Monterey County, California","B02015_021","Asian","Asian Indian",2477,640
"06053","Monterey County, California","B02015_022","Asian","Bangladeshi",112,80
"06053","Monterey County, California","B02015_023","Asian","Bhutanese",0,31
"06053","Monterey County, California","B02015_024","Asian","Nepalese",24,38
"06053","Monterey County, California","B02015_025","Asian","Pakistani",123,72
"06053","Monterey County, California","B02015_026","Asian","Sikh",0,31
"06053","Monterey County, California","B02015_027","Asian","Sri Lankan",9,14
"06053","Monterey County, California","B02015_028","Asian","Other South Asian",0,31
"06053","Monterey County, California","B02015_029","Asian","Kazakh",0,31
"06053","Monterey County, California","B02015_030","Asian","Uzbek",0,31
"06053","Monterey County, California","B02015_031","Asian","Other Central Asian",153,162
"06053","Monterey County, California","B02015_032","Asian","Other Asian, specified",0,31
"06053","Monterey County, California","B02015_033","Asian","Other Asian, not specified",129,84
"06053","Monterey County, California","B02015_034","Asian","Two or more Asian",721,245
"06055","Napa County, California","B02015_001","Asian","Total",10960,453
"06055","Napa County, California","B02015_002","Asian","Chinese, except Taiwanese",842,189
"06055","Napa County, California","B02015_003","Asian","Hmong",67,78
"06055","Napa County, California","B02015_004","Asian","Japanese",236,101
"06055","Napa County, California","B02015_005","Asian","Korean",381,108
"06055","Napa County, California","B02015_006","Asian","Mongolian",0,31
"06055","Napa County, California","B02015_007","Asian","Okinawan",0,31
"06055","Napa County, California","B02015_008","Asian","Taiwanese",57,45
"06055","Napa County, California","B02015_009","Asian","Other East Asian",0,31
"06055","Napa County, California","B02015_010","Asian","Burmese",18,21
"06055","Napa County, California","B02015_011","Asian","Cambodian",11,27
"06055","Napa County, California","B02015_012","Asian","Filipino",6720,695
"06055","Napa County, California","B02015_013","Asian","Indonesian",102,117
"06055","Napa County, California","B02015_014","Asian","Laotian",0,31
"06055","Napa County, California","B02015_015","Asian","Malaysian",1,4
"06055","Napa County, California","B02015_016","Asian","Mien",0,31
"06055","Napa County, California","B02015_017","Asian","Singaporean",0,31
"06055","Napa County, California","B02015_018","Asian","Thai",44,34
"06055","Napa County, California","B02015_019","Asian","Vietnamese",279,182
"06055","Napa County, California","B02015_020","Asian","Other Southeast Asian",0,31
"06055","Napa County, California","B02015_021","Asian","Asian Indian",1525,495
"06055","Napa County, California","B02015_022","Asian","Bangladeshi",0,31
"06055","Napa County, California","B02015_023","Asian","Bhutanese",0,31
"06055","Napa County, California","B02015_024","Asian","Nepalese",0,31
"06055","Napa County, California","B02015_025","Asian","Pakistani",116,103
"06055","Napa County, California","B02015_026","Asian","Sikh",97,162
"06055","Napa County, California","B02015_027","Asian","Sri Lankan",0,31
"06055","Napa County, California","B02015_028","Asian","Other South Asian",0,31
"06055","Napa County, California","B02015_029","Asian","Kazakh",0,31
"06055","Napa County, California","B02015_030","Asian","Uzbek",4,6
"06055","Napa County, California","B02015_031","Asian","Other Central Asian",0,31
"06055","Napa County, California","B02015_032","Asian","Other Asian, specified",0,31
"06055","Napa County, California","B02015_033","Asian","Other Asian, not specified",26,24
"06055","Napa County, California","B02015_034","Asian","Two or more Asian",434,160
"06057","Nevada County, California","B02015_001","Asian","Total",1641,325
"06057","Nevada County, California","B02015_002","Asian","Chinese, except Taiwanese",322,155
"06057","Nevada County, California","B02015_003","Asian","Hmong",0,31
"06057","Nevada County, California","B02015_004","Asian","Japanese",231,103
"06057","Nevada County, California","B02015_005","Asian","Korean",48,50
"06057","Nevada County, California","B02015_006","Asian","Mongolian",0,31
"06057","Nevada County, California","B02015_007","Asian","Okinawan",0,31
"06057","Nevada County, California","B02015_008","Asian","Taiwanese",8,12
"06057","Nevada County, California","B02015_009","Asian","Other East Asian",0,31
"06057","Nevada County, California","B02015_010","Asian","Burmese",0,31
"06057","Nevada County, California","B02015_011","Asian","Cambodian",13,19
"06057","Nevada County, California","B02015_012","Asian","Filipino",235,139
"06057","Nevada County, California","B02015_013","Asian","Indonesian",124,171
"06057","Nevada County, California","B02015_014","Asian","Laotian",25,32
"06057","Nevada County, California","B02015_015","Asian","Malaysian",0,31
"06057","Nevada County, California","B02015_016","Asian","Mien",0,31
"06057","Nevada County, California","B02015_017","Asian","Singaporean",0,31
"06057","Nevada County, California","B02015_018","Asian","Thai",121,87
"06057","Nevada County, California","B02015_019","Asian","Vietnamese",82,86
"06057","Nevada County, California","B02015_020","Asian","Other Southeast Asian",0,31
"06057","Nevada County, California","B02015_021","Asian","Asian Indian",167,176
"06057","Nevada County, California","B02015_022","Asian","Bangladeshi",0,31
"06057","Nevada County, California","B02015_023","Asian","Bhutanese",0,31
"06057","Nevada County, California","B02015_024","Asian","Nepalese",49,111
"06057","Nevada County, California","B02015_025","Asian","Pakistani",0,31
"06057","Nevada County, California","B02015_026","Asian","Sikh",0,31
"06057","Nevada County, California","B02015_027","Asian","Sri Lankan",0,31
"06057","Nevada County, California","B02015_028","Asian","Other South Asian",0,31
"06057","Nevada County, California","B02015_029","Asian","Kazakh",0,31
"06057","Nevada County, California","B02015_030","Asian","Uzbek",0,31
"06057","Nevada County, California","B02015_031","Asian","Other Central Asian",0,31
"06057","Nevada County, California","B02015_032","Asian","Other Asian, specified",0,31
"06057","Nevada County, California","B02015_033","Asian","Other Asian, not specified",1,4
"06057","Nevada County, California","B02015_034","Asian","Two or more Asian",215,159
"06059","Orange County, California","B02015_001","Asian","Total",688905,3465
"06059","Orange County, California","B02015_002","Asian","Chinese, except Taiwanese",112287,4729
"06059","Orange County, California","B02015_003","Asian","Hmong",1294,439
"06059","Orange County, California","B02015_004","Asian","Japanese",33666,2315
"06059","Orange County, California","B02015_005","Asian","Korean",100266,3957
"06059","Orange County, California","B02015_006","Asian","Mongolian",243,185
"06059","Orange County, California","B02015_007","Asian","Okinawan",67,41
"06059","Orange County, California","B02015_008","Asian","Taiwanese",15218,1751
"06059","Orange County, California","B02015_009","Asian","Other East Asian",0,31
"06059","Orange County, California","B02015_010","Asian","Burmese",530,231
"06059","Orange County, California","B02015_011","Asian","Cambodian",7513,1356
"06059","Orange County, California","B02015_012","Asian","Filipino",84459,3699
"06059","Orange County, California","B02015_013","Asian","Indonesian",2933,613
"06059","Orange County, California","B02015_014","Asian","Laotian",3342,1049
"06059","Orange County, California","B02015_015","Asian","Malaysian",190,84
"06059","Orange County, California","B02015_016","Asian","Mien",12,19
"06059","Orange County, California","B02015_017","Asian","Singaporean",104,76
"06059","Orange County, California","B02015_018","Asian","Thai",4605,644
"06059","Orange County, California","B02015_019","Asian","Vietnamese",215546,5267
"06059","Orange County, California","B02015_020","Asian","Other Southeast Asian",68,105
"06059","Orange County, California","B02015_021","Asian","Asian Indian",63535,3779
"06059","Orange County, California","B02015_022","Asian","Bangladeshi",1684,611
"06059","Orange County, California","B02015_023","Asian","Bhutanese",0,31
"06059","Orange County, California","B02015_024","Asian","Nepalese",1790,764
"06059","Orange County, California","B02015_025","Asian","Pakistani",7027,1360
"06059","Orange County, California","B02015_026","Asian","Sikh",39,55
"06059","Orange County, California","B02015_027","Asian","Sri Lankan",1417,477
"06059","Orange County, California","B02015_028","Asian","Other South Asian",19,23
"06059","Orange County, California","B02015_029","Asian","Kazakh",63,83
"06059","Orange County, California","B02015_030","Asian","Uzbek",0,31
"06059","Orange County, California","B02015_031","Asian","Other Central Asian",1688,562
"06059","Orange County, California","B02015_032","Asian","Other Asian, specified",9,14
"06059","Orange County, California","B02015_033","Asian","Other Asian, not specified",2887,545
"06059","Orange County, California","B02015_034","Asian","Two or more Asian",26404,1772
"06061","Placer County, California","B02015_001","Asian","Total",35465,918
"06061","Placer County, California","B02015_002","Asian","Chinese, except Taiwanese",5002,755
"06061","Placer County, California","B02015_003","Asian","Hmong",178,133
"06061","Placer County, California","B02015_004","Asian","Japanese",1689,371
"06061","Placer County, California","B02015_005","Asian","Korean",1651,503
"06061","Placer County, California","B02015_006","Asian","Mongolian",421,413
"06061","Placer County, California","B02015_007","Asian","Okinawan",0,31
"06061","Placer County, California","B02015_008","Asian","Taiwanese",255,176
"06061","Placer County, California","B02015_009","Asian","Other East Asian",0,31
"06061","Placer County, California","B02015_010","Asian","Burmese",64,75
"06061","Placer County, California","B02015_011","Asian","Cambodian",153,92
"06061","Placer County, California","B02015_012","Asian","Filipino",10978,1211
"06061","Placer County, California","B02015_013","Asian","Indonesian",114,108
"06061","Placer County, California","B02015_014","Asian","Laotian",162,75
"06061","Placer County, California","B02015_015","Asian","Malaysian",8,12
"06061","Placer County, California","B02015_016","Asian","Mien",244,282
"06061","Placer County, California","B02015_017","Asian","Singaporean",37,55
"06061","Placer County, California","B02015_018","Asian","Thai",198,103
"06061","Placer County, California","B02015_019","Asian","Vietnamese",2301,651
"06061","Placer County, California","B02015_020","Asian","Other Southeast Asian",0,31
"06061","Placer County, California","B02015_021","Asian","Asian Indian",8414,1286
"06061","Placer County, California","B02015_022","Asian","Bangladeshi",203,245
"06061","Placer County, California","B02015_023","Asian","Bhutanese",0,31
"06061","Placer County, California","B02015_024","Asian","Nepalese",109,144
"06061","Placer County, California","B02015_025","Asian","Pakistani",559,383
"06061","Placer County, California","B02015_026","Asian","Sikh",595,401
"06061","Placer County, California","B02015_027","Asian","Sri Lankan",102,71
"06061","Placer County, California","B02015_028","Asian","Other South Asian",0,31
"06061","Placer County, California","B02015_029","Asian","Kazakh",0,31
"06061","Placer County, California","B02015_030","Asian","Uzbek",0,31
"06061","Placer County, California","B02015_031","Asian","Other Central Asian",529,297
"06061","Placer County, California","B02015_032","Asian","Other Asian, specified",0,31
"06061","Placer County, California","B02015_033","Asian","Other Asian, not specified",275,190
"06061","Placer County, California","B02015_034","Asian","Two or more Asian",1224,280
"06063","Plumas County, California","B02015_001","Asian","Total",126,92
"06063","Plumas County, California","B02015_002","Asian","Chinese, except Taiwanese",69,79
"06063","Plumas County, California","B02015_003","Asian","Hmong",0,21
"06063","Plumas County, California","B02015_004","Asian","Japanese",0,21
"06063","Plumas County, California","B02015_005","Asian","Korean",1,7
"06063","Plumas County, California","B02015_006","Asian","Mongolian",0,21
"06063","Plumas County, California","B02015_007","Asian","Okinawan",0,21
"06063","Plumas County, California","B02015_008","Asian","Taiwanese",0,21
"06063","Plumas County, California","B02015_009","Asian","Other East Asian",0,21
"06063","Plumas County, California","B02015_010","Asian","Burmese",0,21
"06063","Plumas County, California","B02015_011","Asian","Cambodian",0,21
"06063","Plumas County, California","B02015_012","Asian","Filipino",45,54
"06063","Plumas County, California","B02015_013","Asian","Indonesian",0,21
"06063","Plumas County, California","B02015_014","Asian","Laotian",0,21
"06063","Plumas County, California","B02015_015","Asian","Malaysian",0,21
"06063","Plumas County, California","B02015_016","Asian","Mien",0,21
"06063","Plumas County, California","B02015_017","Asian","Singaporean",0,21
"06063","Plumas County, California","B02015_018","Asian","Thai",0,21
"06063","Plumas County, California","B02015_019","Asian","Vietnamese",0,21
"06063","Plumas County, California","B02015_020","Asian","Other Southeast Asian",0,21
"06063","Plumas County, California","B02015_021","Asian","Asian Indian",11,20
"06063","Plumas County, California","B02015_022","Asian","Bangladeshi",0,21
"06063","Plumas County, California","B02015_023","Asian","Bhutanese",0,21
"06063","Plumas County, California","B02015_024","Asian","Nepalese",0,21
"06063","Plumas County, California","B02015_025","Asian","Pakistani",0,21
"06063","Plumas County, California","B02015_026","Asian","Sikh",0,21
"06063","Plumas County, California","B02015_027","Asian","Sri Lankan",0,21
"06063","Plumas County, California","B02015_028","Asian","Other South Asian",0,21
"06063","Plumas County, California","B02015_029","Asian","Kazakh",0,21
"06063","Plumas County, California","B02015_030","Asian","Uzbek",0,21
"06063","Plumas County, California","B02015_031","Asian","Other Central Asian",0,21
"06063","Plumas County, California","B02015_032","Asian","Other Asian, specified",0,21
"06063","Plumas County, California","B02015_033","Asian","Other Asian, not specified",0,21
"06063","Plumas County, California","B02015_034","Asian","Two or more Asian",0,21
"06065","Riverside County, California","B02015_001","Asian","Total",166726,1991
"06065","Riverside County, California","B02015_002","Asian","Chinese, except Taiwanese",26042,2346
"06065","Riverside County, California","B02015_003","Asian","Hmong",844,327
"06065","Riverside County, California","B02015_004","Asian","Japanese",4998,602
"06065","Riverside County, California","B02015_005","Asian","Korean",10118,1167
"06065","Riverside County, California","B02015_006","Asian","Mongolian",55,46
"06065","Riverside County, California","B02015_007","Asian","Okinawan",14,24
"06065","Riverside County, California","B02015_008","Asian","Taiwanese",2544,721
"06065","Riverside County, California","B02015_009","Asian","Other East Asian",0,31
"06065","Riverside County, California","B02015_010","Asian","Burmese",337,157
"06065","Riverside County, California","B02015_011","Asian","Cambodian",3199,795
"06065","Riverside County, California","B02015_012","Asian","Filipino",62830,3328
"06065","Riverside County, California","B02015_013","Asian","Indonesian",1617,584
"06065","Riverside County, California","B02015_014","Asian","Laotian",1692,477
"06065","Riverside County, California","B02015_015","Asian","Malaysian",108,83
"06065","Riverside County, California","B02015_016","Asian","Mien",27,27
"06065","Riverside County, California","B02015_017","Asian","Singaporean",7,13
"06065","Riverside County, California","B02015_018","Asian","Thai",1791,390
"06065","Riverside County, California","B02015_019","Asian","Vietnamese",18271,1854
"06065","Riverside County, California","B02015_020","Asian","Other Southeast Asian",0,31
"06065","Riverside County, California","B02015_021","Asian","Asian Indian",15786,1922
"06065","Riverside County, California","B02015_022","Asian","Bangladeshi",475,271
"06065","Riverside County, California","B02015_023","Asian","Bhutanese",0,31
"06065","Riverside County, California","B02015_024","Asian","Nepalese",449,379
"06065","Riverside County, California","B02015_025","Asian","Pakistani",4537,1298
"06065","Riverside County, California","B02015_026","Asian","Sikh",1002,1070
"06065","Riverside County, California","B02015_027","Asian","Sri Lankan",454,222
"06065","Riverside County, California","B02015_028","Asian","Other South Asian",0,31
"06065","Riverside County, California","B02015_029","Asian","Kazakh",27,42
"06065","Riverside County, California","B02015_030","Asian","Uzbek",86,89
"06065","Riverside County, California","B02015_031","Asian","Other Central Asian",1227,445
"06065","Riverside County, California","B02015_032","Asian","Other Asian, specified",37,46
"06065","Riverside County, California","B02015_033","Asian","Other Asian, not specified",1153,413
"06065","Riverside County, California","B02015_034","Asian","Two or more Asian",6999,1186
"06067","Sacramento County, California","B02015_001","Asian","Total",271712,2428
"06067","Sacramento County, California","B02015_002","Asian","Chinese, except Taiwanese",46494,2493
"06067","Sacramento County, California","B02015_003","Asian","Hmong",32065,2940
"06067","Sacramento County, California","B02015_004","Asian","Japanese",9998,886
"06067","Sacramento County, California","B02015_005","Asian","Korean",6636,1014
"06067","Sacramento County, California","B02015_006","Asian","Mongolian",113,86
"06067","Sacramento County, California","B02015_007","Asian","Okinawan",8,13
"06067","Sacramento County, California","B02015_008","Asian","Taiwanese",1130,339
"06067","Sacramento County, California","B02015_009","Asian","Other East Asian",0,31
"06067","Sacramento County, California","B02015_010","Asian","Burmese",416,202
"06067","Sacramento County, California","B02015_011","Asian","Cambodian",3118,1269
"06067","Sacramento County, California","B02015_012","Asian","Filipino",50301,3018
"06067","Sacramento County, California","B02015_013","Asian","Indonesian",770,464
"06067","Sacramento County, California","B02015_014","Asian","Laotian",6773,1151
"06067","Sacramento County, California","B02015_015","Asian","Malaysian",87,93
"06067","Sacramento County, California","B02015_016","Asian","Mien",3527,987
"06067","Sacramento County, California","B02015_017","Asian","Singaporean",18,35
"06067","Sacramento County, California","B02015_018","Asian","Thai",1133,347
"06067","Sacramento County, California","B02015_019","Asian","Vietnamese",32245,2377
"06067","Sacramento County, California","B02015_020","Asian","Other Southeast Asian",35,40
"06067","Sacramento County, California","B02015_021","Asian","Asian Indian",39527,3018
"06067","Sacramento County, California","B02015_022","Asian","Bangladeshi",367,192
"06067","Sacramento County, California","B02015_023","Asian","Bhutanese",0,31
"06067","Sacramento County, California","B02015_024","Asian","Nepalese",1096,486
"06067","Sacramento County, California","B02015_025","Asian","Pakistani",5371,1053
"06067","Sacramento County, California","B02015_026","Asian","Sikh",1122,1033
"06067","Sacramento County, California","B02015_027","Asian","Sri Lankan",290,170
"06067","Sacramento County, California","B02015_028","Asian","Other South Asian",51,83
"06067","Sacramento County, California","B02015_029","Asian","Kazakh",0,31
"06067","Sacramento County, California","B02015_030","Asian","Uzbek",122,146
"06067","Sacramento County, California","B02015_031","Asian","Other Central Asian",11834,2066
"06067","Sacramento County, California","B02015_032","Asian","Other Asian, specified",0,31
"06067","Sacramento County, California","B02015_033","Asian","Other Asian, not specified",2170,598
"06067","Sacramento County, California","B02015_034","Asian","Two or more Asian",14895,1676
"06069","San Benito County, California","B02015_001","Asian","Total",2078,319
"06069","San Benito County, California","B02015_002","Asian","Chinese, except Taiwanese",160,103
"06069","San Benito County, California","B02015_003","Asian","Hmong",0,31
"06069","San Benito County, California","B02015_004","Asian","Japanese",244,107
"06069","San Benito County, California","B02015_005","Asian","Korean",31,39
"06069","San Benito County, California","B02015_006","Asian","Mongolian",0,31
"06069","San Benito County, California","B02015_007","Asian","Okinawan",0,31
"06069","San Benito County, California","B02015_008","Asian","Taiwanese",1,3
"06069","San Benito County, California","B02015_009","Asian","Other East Asian",0,31
"06069","San Benito County, California","B02015_010","Asian","Burmese",0,31
"06069","San Benito County, California","B02015_011","Asian","Cambodian",0,31
"06069","San Benito County, California","B02015_012","Asian","Filipino",1223,339
"06069","San Benito County, California","B02015_013","Asian","Indonesian",14,24
"06069","San Benito County, California","B02015_014","Asian","Laotian",34,58
"06069","San Benito County, California","B02015_015","Asian","Malaysian",0,31
"06069","San Benito County, California","B02015_016","Asian","Mien",0,31
"06069","San Benito County, California","B02015_017","Asian","Singaporean",0,31
"06069","San Benito County, California","B02015_018","Asian","Thai",0,31
"06069","San Benito County, California","B02015_019","Asian","Vietnamese",88,90
"06069","San Benito County, California","B02015_020","Asian","Other Southeast Asian",0,31
"06069","San Benito County, California","B02015_021","Asian","Asian Indian",148,140
"06069","San Benito County, California","B02015_022","Asian","Bangladeshi",0,31
"06069","San Benito County, California","B02015_023","Asian","Bhutanese",0,31
"06069","San Benito County, California","B02015_024","Asian","Nepalese",0,31
"06069","San Benito County, California","B02015_025","Asian","Pakistani",17,22
"06069","San Benito County, California","B02015_026","Asian","Sikh",0,31
"06069","San Benito County, California","B02015_027","Asian","Sri Lankan",0,31
"06069","San Benito County, California","B02015_028","Asian","Other South Asian",0,31
"06069","San Benito County, California","B02015_029","Asian","Kazakh",0,31
"06069","San Benito County, California","B02015_030","Asian","Uzbek",0,31
"06069","San Benito County, California","B02015_031","Asian","Other Central Asian",0,31
"06069","San Benito County, California","B02015_032","Asian","Other Asian, specified",0,31
"06069","San Benito County, California","B02015_033","Asian","Other Asian, not specified",85,104
"06069","San Benito County, California","B02015_034","Asian","Two or more Asian",33,39
"06071","San Bernardino County, California","B02015_001","Asian","Total",169063,1886
"06071","San Bernardino County, California","B02015_002","Asian","Chinese, except Taiwanese",45111,2305
"06071","San Bernardino County, California","B02015_003","Asian","Hmong",643,395
"06071","San Bernardino County, California","B02015_004","Asian","Japanese",4753,847
"06071","San Bernardino County, California","B02015_005","Asian","Korean",14844,1477
"06071","San Bernardino County, California","B02015_006","Asian","Mongolian",32,52
"06071","San Bernardino County, California","B02015_007","Asian","Okinawan",19,26
"06071","San Bernardino County, California","B02015_008","Asian","Taiwanese",4425,881
"06071","San Bernardino County, California","B02015_009","Asian","Other East Asian",0,31
"06071","San Bernardino County, California","B02015_010","Asian","Burmese",461,241
"06071","San Bernardino County, California","B02015_011","Asian","Cambodian",2544,661
"06071","San Bernardino County, California","B02015_012","Asian","Filipino",45049,2548
"06071","San Bernardino County, California","B02015_013","Asian","Indonesian",5770,1139
"06071","San Bernardino County, California","B02015_014","Asian","Laotian",837,330
"06071","San Bernardino County, California","B02015_015","Asian","Malaysian",356,339
"06071","San Bernardino County, California","B02015_016","Asian","Mien",80,116
"06071","San Bernardino County, California","B02015_017","Asian","Singaporean",0,31
"06071","San Bernardino County, California","B02015_018","Asian","Thai",2636,560
"06071","San Bernardino County, California","B02015_019","Asian","Vietnamese",15505,1870
"06071","San Bernardino County, California","B02015_020","Asian","Other Southeast Asian",0,31
"06071","San Bernardino County, California","B02015_021","Asian","Asian Indian",14366,1496
"06071","San Bernardino County, California","B02015_022","Asian","Bangladeshi",358,174
"06071","San Bernardino County, California","B02015_023","Asian","Bhutanese",0,31
"06071","San Bernardino County, California","B02015_024","Asian","Nepalese",398,223
"06071","San Bernardino County, California","B02015_025","Asian","Pakistani",2274,673
"06071","San Bernardino County, California","B02015_026","Asian","Sikh",340,353
"06071","San Bernardino County, California","B02015_027","Asian","Sri Lankan",386,206
"06071","San Bernardino County, California","B02015_028","Asian","Other South Asian",0,31
"06071","San Bernardino County, California","B02015_029","Asian","Kazakh",0,31
"06071","San Bernardino County, California","B02015_030","Asian","Uzbek",0,31
"06071","San Bernardino County, California","B02015_031","Asian","Other Central Asian",308,209
"06071","San Bernardino County, California","B02015_032","Asian","Other Asian, specified",13,21
"06071","San Bernardino County, California","B02015_033","Asian","Other Asian, not specified",1089,391
"06071","San Bernardino County, California","B02015_034","Asian","Two or more Asian",6466,1082
"06073","San Diego County, California","B02015_001","Asian","Total",397687,3152
"06073","San Diego County, California","B02015_002","Asian","Chinese, except Taiwanese",61476,3626
"06073","San Diego County, California","B02015_003","Asian","Hmong",1105,530
"06073","San Diego County, California","B02015_004","Asian","Japanese",16532,1337
"06073","San Diego County, California","B02015_005","Asian","Korean",22444,1848
"06073","San Diego County, California","B02015_006","Asian","Mongolian",160,105
"06073","San Diego County, California","B02015_007","Asian","Okinawan",54,65
"06073","San Diego County, California","B02015_008","Asian","Taiwanese",5393,702
"06073","San Diego County, California","B02015_009","Asian","Other East Asian",0,31
"06073","San Diego County, California","B02015_010","Asian","Burmese",1298,655
"06073","San Diego County, California","B02015_011","Asian","Cambodian",5910,1152
"06073","San Diego County, California","B02015_012","Asian","Filipino",153691,3998
"06073","San Diego County, California","B02015_013","Asian","Indonesian",1675,916
"06073","San Diego County, California","B02015_014","Asian","Laotian",7460,1014
"06073","San Diego County, California","B02015_015","Asian","Malaysian",298,162
"06073","San Diego County, California","B02015_016","Asian","Mien",115,124
"06073","San Diego County, California","B02015_017","Asian","Singaporean",42,42
"06073","San Diego County, California","B02015_018","Asian","Thai",3154,568
"06073","San Diego County, California","B02015_019","Asian","Vietnamese",48314,2783
"06073","San Diego County, California","B02015_020","Asian","Other Southeast Asian",0,31
"06073","San Diego County, California","B02015_021","Asian","Asian Indian",44904,3019
"06073","San Diego County, California","B02015_022","Asian","Bangladeshi",698,426
"06073","San Diego County, California","B02015_023","Asian","Bhutanese",0,31
"06073","San Diego County, California","B02015_024","Asian","Nepalese",490,221
"06073","San Diego County, California","B02015_025","Asian","Pakistani",2343,1053
"06073","San Diego County, California","B02015_026","Asian","Sikh",0,31
"06073","San Diego County, California","B02015_027","Asian","Sri Lankan",383,184
"06073","San Diego County, California","B02015_028","Asian","Other South Asian",24,35
"06073","San Diego County, California","B02015_029","Asian","Kazakh",41,45
"06073","San Diego County, California","B02015_030","Asian","Uzbek",0,31
"06073","San Diego County, California","B02015_031","Asian","Other Central Asian",1597,651
"06073","San Diego County, California","B02015_032","Asian","Other Asian, specified",1125,1391
"06073","San Diego County, California","B02015_033","Asian","Other Asian, not specified",2519,736
"06073","San Diego County, California","B02015_034","Asian","Two or more Asian",14442,1409
"06075","San Francisco County, California","B02015_001","Asian","Total",296122,1986
"06075","San Francisco County, California","B02015_002","Asian","Chinese, except Taiwanese",178307,3302
"06075","San Francisco County, California","B02015_003","Asian","Hmong",298,225
"06075","San Francisco County, California","B02015_004","Asian","Japanese",9013,959
"06075","San Francisco County, California","B02015_005","Asian","Korean",11812,1289
"06075","San Francisco County, California","B02015_006","Asian","Mongolian",434,204
"06075","San Francisco County, California","B02015_007","Asian","Okinawan",22,25
"06075","San Francisco County, California","B02015_008","Asian","Taiwanese",3887,626
"06075","San Francisco County, California","B02015_009","Asian","Other East Asian",0,31
"06075","San Francisco County, California","B02015_010","Asian","Burmese",646,306
"06075","San Francisco County, California","B02015_011","Asian","Cambodian",1328,359
"06075","San Francisco County, California","B02015_012","Asian","Filipino",33504,2223
"06075","San Francisco County, California","B02015_013","Asian","Indonesian",590,219
"06075","San Francisco County, California","B02015_014","Asian","Laotian",752,355
"06075","San Francisco County, California","B02015_015","Asian","Malaysian",264,123
"06075","San Francisco County, California","B02015_016","Asian","Mien",7,12
"06075","San Francisco County, California","B02015_017","Asian","Singaporean",47,48
"06075","San Francisco County, California","B02015_018","Asian","Thai",1623,461
"06075","San Francisco County, California","B02015_019","Asian","Vietnamese",15200,1311
"06075","San Francisco County, California","B02015_020","Asian","Other Southeast Asian",0,31
"06075","San Francisco County, California","B02015_021","Asian","Asian Indian",23241,1735
"06075","San Francisco County, California","B02015_022","Asian","Bangladeshi",229,133
"06075","San Francisco County, California","B02015_023","Asian","Bhutanese",0,31
"06075","San Francisco County, California","B02015_024","Asian","Nepalese",765,305
"06075","San Francisco County, California","B02015_025","Asian","Pakistani",1290,561
"06075","San Francisco County, California","B02015_026","Asian","Sikh",0,31
"06075","San Francisco County, California","B02015_027","Asian","Sri Lankan",396,218
"06075","San Francisco County, California","B02015_028","Asian","Other South Asian",106,94
"06075","San Francisco County, California","B02015_029","Asian","Kazakh",56,57
"06075","San Francisco County, California","B02015_030","Asian","Uzbek",47,75
"06075","San Francisco County, California","B02015_031","Asian","Other Central Asian",205,143
"06075","San Francisco County, California","B02015_032","Asian","Other Asian, specified",0,31
"06075","San Francisco County, California","B02015_033","Asian","Other Asian, not specified",861,430
"06075","San Francisco County, California","B02015_034","Asian","Two or more Asian",11192,1313
"06077","San Joaquin County, California","B02015_001","Asian","Total",133870,2094
"06077","San Joaquin County, California","B02015_002","Asian","Chinese, except Taiwanese",10455,1393
"06077","San Joaquin County, California","B02015_003","Asian","Hmong",5829,1325
"06077","San Joaquin County, California","B02015_004","Asian","Japanese",1772,328
"06077","San Joaquin County, California","B02015_005","Asian","Korean",971,271
"06077","San Joaquin County, California","B02015_006","Asian","Mongolian",0,31
"06077","San Joaquin County, California","B02015_007","Asian","Okinawan",0,31
"06077","San Joaquin County, California","B02015_008","Asian","Taiwanese",489,354
"06077","San Joaquin County, California","B02015_009","Asian","Other East Asian",0,31
"06077","San Joaquin County, California","B02015_010","Asian","Burmese",396,318
"06077","San Joaquin County, California","B02015_011","Asian","Cambodian",12071,2100
"06077","San Joaquin County, California","B02015_012","Asian","Filipino",40211,2510
"06077","San Joaquin County, California","B02015_013","Asian","Indonesian",301,219
"06077","San Joaquin County, California","B02015_014","Asian","Laotian",2913,545
"06077","San Joaquin County, California","B02015_015","Asian","Malaysian",0,31
"06077","San Joaquin County, California","B02015_016","Asian","Mien",260,197
"06077","San Joaquin County, California","B02015_017","Asian","Singaporean",0,31
"06077","San Joaquin County, California","B02015_018","Asian","Thai",496,268
"06077","San Joaquin County, California","B02015_019","Asian","Vietnamese",8238,1472
"06077","San Joaquin County, California","B02015_020","Asian","Other Southeast Asian",0,31
"06077","San Joaquin County, California","B02015_021","Asian","Asian Indian",28818,3040
"06077","San Joaquin County, California","B02015_022","Asian","Bangladeshi",81,67
"06077","San Joaquin County, California","B02015_023","Asian","Bhutanese",0,31
"06077","San Joaquin County, California","B02015_024","Asian","Nepalese",74,101
"06077","San Joaquin County, California","B02015_025","Asian","Pakistani",10077,1798
"06077","San Joaquin County, California","B02015_026","Asian","Sikh",1044,771
"06077","San Joaquin County, California","B02015_027","Asian","Sri Lankan",34,42
"06077","San Joaquin County, California","B02015_028","Asian","Other South Asian",0,31
"06077","San Joaquin County, California","B02015_029","Asian","Kazakh",0,31
"06077","San Joaquin County, California","B02015_030","Asian","Uzbek",0,31
"06077","San Joaquin County, California","B02015_031","Asian","Other Central Asian",1469,646
"06077","San Joaquin County, California","B02015_032","Asian","Other Asian, specified",0,31
"06077","San Joaquin County, California","B02015_033","Asian","Other Asian, not specified",1202,654
"06077","San Joaquin County, California","B02015_034","Asian","Two or more Asian",6669,1272
"06079","San Luis Obispo County, California","B02015_001","Asian","Total",10652,905
"06079","San Luis Obispo County, California","B02015_002","Asian","Chinese, except Taiwanese",2338,535
"06079","San Luis Obispo County, California","B02015_003","Asian","Hmong",4,7
"06079","San Luis Obispo County, California","B02015_004","Asian","Japanese",1315,673
"06079","San Luis Obispo County, California","B02015_005","Asian","Korean",904,290
"06079","San Luis Obispo County, California","B02015_006","Asian","Mongolian",0,31
"06079","San Luis Obispo County, California","B02015_007","Asian","Okinawan",0,31
"06079","San Luis Obispo County, California","B02015_008","Asian","Taiwanese",150,91
"06079","San Luis Obispo County, California","B02015_009","Asian","Other East Asian",0,31
"06079","San Luis Obispo County, California","B02015_010","Asian","Burmese",26,24
"06079","San Luis Obispo County, California","B02015_011","Asian","Cambodian",144,118
"06079","San Luis Obispo County, California","B02015_012","Asian","Filipino",2390,448
"06079","San Luis Obispo County, California","B02015_013","Asian","Indonesian",16,26
"06079","San Luis Obispo County, California","B02015_014","Asian","Laotian",32,34
"06079","San Luis Obispo County, California","B02015_015","Asian","Malaysian",3,6
"06079","San Luis Obispo County, California","B02015_016","Asian","Mien",0,31
"06079","San Luis Obispo County, California","B02015_017","Asian","Singaporean",11,15
"06079","San Luis Obispo County, California","B02015_018","Asian","Thai",115,92
"06079","San Luis Obispo County, California","B02015_019","Asian","Vietnamese",1047,316
"06079","San Luis Obispo County, California","B02015_020","Asian","Other Southeast Asian",0,31
"06079","San Luis Obispo County, California","B02015_021","Asian","Asian Indian",1034,481
"06079","San Luis Obispo County, California","B02015_022","Asian","Bangladeshi",0,31
"06079","San Luis Obispo County, California","B02015_023","Asian","Bhutanese",0,31
"06079","San Luis Obispo County, California","B02015_024","Asian","Nepalese",15,17
"06079","San Luis Obispo County, California","B02015_025","Asian","Pakistani",228,223
"06079","San Luis Obispo County, California","B02015_026","Asian","Sikh",0,31
"06079","San Luis Obispo County, California","B02015_027","Asian","Sri Lankan",31,52
"06079","San Luis Obispo County, California","B02015_028","Asian","Other South Asian",0,31
"06079","San Luis Obispo County, California","B02015_029","Asian","Kazakh",10,15
"06079","San Luis Obispo County, California","B02015_030","Asian","Uzbek",0,31
"06079","San Luis Obispo County, California","B02015_031","Asian","Other Central Asian",0,31
"06079","San Luis Obispo County, California","B02015_032","Asian","Other Asian, specified",0,31
"06079","San Luis Obispo County, California","B02015_033","Asian","Other Asian, not specified",144,168
"06079","San Luis Obispo County, California","B02015_034","Asian","Two or more Asian",695,341
"06081","San Mateo County, California","B02015_001","Asian","Total",230174,1564
"06081","San Mateo County, California","B02015_002","Asian","Chinese, except Taiwanese",94681,2901
"06081","San Mateo County, California","B02015_003","Asian","Hmong",784,691
"06081","San Mateo County, California","B02015_004","Asian","Japanese",8640,864
"06081","San Mateo County, California","B02015_005","Asian","Korean",7069,863
"06081","San Mateo County, California","B02015_006","Asian","Mongolian",253,178
"06081","San Mateo County, California","B02015_007","Asian","Okinawan",10,16
"06081","San Mateo County, California","B02015_008","Asian","Taiwanese",2574,454
"06081","San Mateo County, California","B02015_009","Asian","Other East Asian",0,31
"06081","San Mateo County, California","B02015_010","Asian","Burmese",2206,619
"06081","San Mateo County, California","B02015_011","Asian","Cambodian",783,455
"06081","San Mateo County, California","B02015_012","Asian","Filipino",69154,2876
"06081","San Mateo County, California","B02015_013","Asian","Indonesian",808,389
"06081","San Mateo County, California","B02015_014","Asian","Laotian",104,49
"06081","San Mateo County, California","B02015_015","Asian","Malaysian",152,148
"06081","San Mateo County, California","B02015_016","Asian","Mien",53,46
"06081","San Mateo County, California","B02015_017","Asian","Singaporean",45,39
"06081","San Mateo County, California","B02015_018","Asian","Thai",1094,328
"06081","San Mateo County, California","B02015_019","Asian","Vietnamese",5260,811
"06081","San Mateo County, California","B02015_020","Asian","Other Southeast Asian",0,31
"06081","San Mateo County, California","B02015_021","Asian","Asian Indian",23468,1909
"06081","San Mateo County, California","B02015_022","Asian","Bangladeshi",188,145
"06081","San Mateo County, California","B02015_023","Asian","Bhutanese",0,31
"06081","San Mateo County, California","B02015_024","Asian","Nepalese",876,499
"06081","San Mateo County, California","B02015_025","Asian","Pakistani",1288,484
"06081","San Mateo County, California","B02015_026","Asian","Sikh",0,31
"06081","San Mateo County, California","B02015_027","Asian","Sri Lankan",267,159
"06081","San Mateo County, California","B02015_028","Asian","Other South Asian",0,31
"06081","San Mateo County, California","B02015_029","Asian","Kazakh",0,31
"06081","San Mateo County, California","B02015_030","Asian","Uzbek",0,31
"06081","San Mateo County, California","B02015_031","Asian","Other Central Asian",130,106
"06081","San Mateo County, California","B02015_032","Asian","Other Asian, specified",44,63
"06081","San Mateo County, California","B02015_033","Asian","Other Asian, not specified",705,258
"06081","San Mateo County, California","B02015_034","Asian","Two or more Asian",9538,934
"06083","Santa Barbara County, California","B02015_001","Asian","Total",24327,642
"06083","Santa Barbara County, California","B02015_002","Asian","Chinese, except Taiwanese",6279,770
"06083","Santa Barbara County, California","B02015_003","Asian","Hmong",384,290
"06083","Santa Barbara County, California","B02015_004","Asian","Japanese",1846,344
"06083","Santa Barbara County, California","B02015_005","Asian","Korean",1774,446
"06083","Santa Barbara County, California","B02015_006","Asian","Mongolian",0,31
"06083","Santa Barbara County, California","B02015_007","Asian","Okinawan",0,31
"06083","Santa Barbara County, California","B02015_008","Asian","Taiwanese",424,151
"06083","Santa Barbara County, California","B02015_009","Asian","Other East Asian",0,31
"06083","Santa Barbara County, California","B02015_010","Asian","Burmese",78,65
"06083","Santa Barbara County, California","B02015_011","Asian","Cambodian",391,247
"06083","Santa Barbara County, California","B02015_012","Asian","Filipino",7296,756
"06083","Santa Barbara County, California","B02015_013","Asian","Indonesian",190,120
"06083","Santa Barbara County, California","B02015_014","Asian","Laotian",193,179
"06083","Santa Barbara County, California","B02015_015","Asian","Malaysian",0,31
"06083","Santa Barbara County, California","B02015_016","Asian","Mien",0,31
"06083","Santa Barbara County, California","B02015_017","Asian","Singaporean",9,14
"06083","Santa Barbara County, California","B02015_018","Asian","Thai",306,155
"06083","Santa Barbara County, California","B02015_019","Asian","Vietnamese",1908,512
"06083","Santa Barbara County, California","B02015_020","Asian","Other Southeast Asian",43,66
"06083","Santa Barbara County, California","B02015_021","Asian","Asian Indian",1940,397
"06083","Santa Barbara County, California","B02015_022","Asian","Bangladeshi",43,49
"06083","Santa Barbara County, California","B02015_023","Asian","Bhutanese",6,10
"06083","Santa Barbara County, California","B02015_024","Asian","Nepalese",21,27
"06083","Santa Barbara County, California","B02015_025","Asian","Pakistani",40,37
"06083","Santa Barbara County, California","B02015_026","Asian","Sikh",0,31
"06083","Santa Barbara County, California","B02015_027","Asian","Sri Lankan",121,108
"06083","Santa Barbara County, California","B02015_028","Asian","Other South Asian",0,31
"06083","Santa Barbara County, California","B02015_029","Asian","Kazakh",12,18
"06083","Santa Barbara County, California","B02015_030","Asian","Uzbek",0,31
"06083","Santa Barbara County, California","B02015_031","Asian","Other Central Asian",67,94
"06083","Santa Barbara County, California","B02015_032","Asian","Other Asian, specified",0,31
"06083","Santa Barbara County, California","B02015_033","Asian","Other Asian, not specified",194,104
"06083","Santa Barbara County, California","B02015_034","Asian","Two or more Asian",762,257
"06085","Santa Clara County, California","B02015_001","Asian","Total",746381,2558
"06085","Santa Clara County, California","B02015_002","Asian","Chinese, except Taiwanese",209670,4667
"06085","Santa Clara County, California","B02015_003","Asian","Hmong",839,286
"06085","Santa Clara County, California","B02015_004","Asian","Japanese",23367,1491
"06085","Santa Clara County, California","B02015_005","Asian","Korean",34225,2110
"06085","Santa Clara County, California","B02015_006","Asian","Mongolian",497,665
"06085","Santa Clara County, California","B02015_007","Asian","Okinawan",7,13
"06085","Santa Clara County, California","B02015_008","Asian","Taiwanese",16908,1281
"06085","Santa Clara County, California","B02015_009","Asian","Other East Asian",0,31
"06085","Santa Clara County, California","B02015_010","Asian","Burmese",1322,509
"06085","Santa Clara County, California","B02015_011","Asian","Cambodian",3280,730
"06085","Santa Clara County, California","B02015_012","Asian","Filipino",84715,3546
"06085","Santa Clara County, California","B02015_013","Asian","Indonesian",1411,601
"06085","Santa Clara County, California","B02015_014","Asian","Laotian",1803,498
"06085","Santa Clara County, California","B02015_015","Asian","Malaysian",501,182
"06085","Santa Clara County, California","B02015_016","Asian","Mien",17,26
"06085","Santa Clara County, California","B02015_017","Asian","Singaporean",426,186
"06085","Santa Clara County, California","B02015_018","Asian","Thai",1784,395
"06085","Santa Clara County, California","B02015_019","Asian","Vietnamese",136987,4538
"06085","Santa Clara County, California","B02015_020","Asian","Other Southeast Asian",268,307
"06085","Santa Clara County, California","B02015_021","Asian","Asian Indian",192283,5519
"06085","Santa Clara County, California","B02015_022","Asian","Bangladeshi",1543,484
"06085","Santa Clara County, California","B02015_023","Asian","Bhutanese",0,31
"06085","Santa Clara County, California","B02015_024","Asian","Nepalese",1823,589
"06085","Santa Clara County, California","B02015_025","Asian","Pakistani",5057,1223
"06085","Santa Clara County, California","B02015_026","Asian","Sikh",196,187
"06085","Santa Clara County, California","B02015_027","Asian","Sri Lankan",1238,381
"06085","Santa Clara County, California","B02015_028","Asian","Other South Asian",5,10
"06085","Santa Clara County, California","B02015_029","Asian","Kazakh",93,80
"06085","Santa Clara County, California","B02015_030","Asian","Uzbek",82,79
"06085","Santa Clara County, California","B02015_031","Asian","Other Central Asian",478,295
"06085","Santa Clara County, California","B02015_032","Asian","Other Asian, specified",45,55
"06085","Santa Clara County, California","B02015_033","Asian","Other Asian, not specified",2782,534
"06085","Santa Clara County, California","B02015_034","Asian","Two or more Asian",22729,1682
"06087","Santa Cruz County, California","B02015_001","Asian","Total",13163,600
"06087","Santa Cruz County, California","B02015_002","Asian","Chinese, except Taiwanese",3810,476
"06087","Santa Cruz County, California","B02015_003","Asian","Hmong",71,63
"06087","Santa Cruz County, California","B02015_004","Asian","Japanese",1690,381
"06087","Santa Cruz County, California","B02015_005","Asian","Korean",844,281
"06087","Santa Cruz County, California","B02015_006","Asian","Mongolian",0,31
"06087","Santa Cruz County, California","B02015_007","Asian","Okinawan",0,31
"06087","Santa Cruz County, California","B02015_008","Asian","Taiwanese",295,115
"06087","Santa Cruz County, California","B02015_009","Asian","Other East Asian",0,31
"06087","Santa Cruz County, California","B02015_010","Asian","Burmese",3,6
"06087","Santa Cruz County, California","B02015_011","Asian","Cambodian",117,94
"06087","Santa Cruz County, California","B02015_012","Asian","Filipino",2414,451
"06087","Santa Cruz County, California","B02015_013","Asian","Indonesian",23,28
"06087","Santa Cruz County, California","B02015_014","Asian","Laotian",32,37
"06087","Santa Cruz County, California","B02015_015","Asian","Malaysian",29,45
"06087","Santa Cruz County, California","B02015_016","Asian","Mien",0,31
"06087","Santa Cruz County, California","B02015_017","Asian","Singaporean",0,31
"06087","Santa Cruz County, California","B02015_018","Asian","Thai",140,129
"06087","Santa Cruz County, California","B02015_019","Asian","Vietnamese",625,169
"06087","Santa Cruz County, California","B02015_020","Asian","Other Southeast Asian",0,31
"06087","Santa Cruz County, California","B02015_021","Asian","Asian Indian",1996,425
"06087","Santa Cruz County, California","B02015_022","Asian","Bangladeshi",28,39
"06087","Santa Cruz County, California","B02015_023","Asian","Bhutanese",0,31
"06087","Santa Cruz County, California","B02015_024","Asian","Nepalese",108,106
"06087","Santa Cruz County, California","B02015_025","Asian","Pakistani",71,38
"06087","Santa Cruz County, California","B02015_026","Asian","Sikh",0,31
"06087","Santa Cruz County, California","B02015_027","Asian","Sri Lankan",66,47
"06087","Santa Cruz County, California","B02015_028","Asian","Other South Asian",0,31
"06087","Santa Cruz County, California","B02015_029","Asian","Kazakh",0,31
"06087","Santa Cruz County, California","B02015_030","Asian","Uzbek",0,31
"06087","Santa Cruz County, California","B02015_031","Asian","Other Central Asian",0,31
"06087","Santa Cruz County, California","B02015_032","Asian","Other Asian, specified",0,31
"06087","Santa Cruz County, California","B02015_033","Asian","Other Asian, not specified",168,99
"06087","Santa Cruz County, California","B02015_034","Asian","Two or more Asian",633,212
"06089","Shasta County, California","B02015_001","Asian","Total",5585,456
"06089","Shasta County, California","B02015_002","Asian","Chinese, except Taiwanese",808,302
"06089","Shasta County, California","B02015_003","Asian","Hmong",276,227
"06089","Shasta County, California","B02015_004","Asian","Japanese",200,105
"06089","Shasta County, California","B02015_005","Asian","Korean",437,213
"06089","Shasta County, California","B02015_006","Asian","Mongolian",0,31
"06089","Shasta County, California","B02015_007","Asian","Okinawan",0,31
"06089","Shasta County, California","B02015_008","Asian","Taiwanese",58,69
"06089","Shasta County, California","B02015_009","Asian","Other East Asian",0,31
"06089","Shasta County, California","B02015_010","Asian","Burmese",36,60
"06089","Shasta County, California","B02015_011","Asian","Cambodian",12,19
"06089","Shasta County, California","B02015_012","Asian","Filipino",841,229
"06089","Shasta County, California","B02015_013","Asian","Indonesian",0,31
"06089","Shasta County, California","B02015_014","Asian","Laotian",583,223
"06089","Shasta County, California","B02015_015","Asian","Malaysian",0,31
"06089","Shasta County, California","B02015_016","Asian","Mien",745,287
"06089","Shasta County, California","B02015_017","Asian","Singaporean",0,31
"06089","Shasta County, California","B02015_018","Asian","Thai",66,64
"06089","Shasta County, California","B02015_019","Asian","Vietnamese",400,227
"06089","Shasta County, California","B02015_020","Asian","Other Southeast Asian",0,31
"06089","Shasta County, California","B02015_021","Asian","Asian Indian",634,292
"06089","Shasta County, California","B02015_022","Asian","Bangladeshi",0,31
"06089","Shasta County, California","B02015_023","Asian","Bhutanese",0,31
"06089","Shasta County, California","B02015_024","Asian","Nepalese",38,67
"06089","Shasta County, California","B02015_025","Asian","Pakistani",0,31
"06089","Shasta County, California","B02015_026","Asian","Sikh",104,136
"06089","Shasta County, California","B02015_027","Asian","Sri Lankan",0,31
"06089","Shasta County, California","B02015_028","Asian","Other South Asian",0,31
"06089","Shasta County, California","B02015_029","Asian","Kazakh",0,31
"06089","Shasta County, California","B02015_030","Asian","Uzbek",0,31
"06089","Shasta County, California","B02015_031","Asian","Other Central Asian",0,31
"06089","Shasta County, California","B02015_032","Asian","Other Asian, specified",0,31
"06089","Shasta County, California","B02015_033","Asian","Other Asian, not specified",246,183
"06089","Shasta County, California","B02015_034","Asian","Two or more Asian",101,64
"06091","Sierra County, California","B02015_001","Asian","Total",0,13
"06091","Sierra County, California","B02015_002","Asian","Chinese, except Taiwanese",0,13
"06091","Sierra County, California","B02015_003","Asian","Hmong",0,13
"06091","Sierra County, California","B02015_004","Asian","Japanese",0,13
"06091","Sierra County, California","B02015_005","Asian","Korean",0,13
"06091","Sierra County, California","B02015_006","Asian","Mongolian",0,13
"06091","Sierra County, California","B02015_007","Asian","Okinawan",0,13
"06091","Sierra County, California","B02015_008","Asian","Taiwanese",0,13
"06091","Sierra County, California","B02015_009","Asian","Other East Asian",0,13
"06091","Sierra County, California","B02015_010","Asian","Burmese",0,13
"06091","Sierra County, California","B02015_011","Asian","Cambodian",0,13
"06091","Sierra County, California","B02015_012","Asian","Filipino",0,13
"06091","Sierra County, California","B02015_013","Asian","Indonesian",0,13
"06091","Sierra County, California","B02015_014","Asian","Laotian",0,13
"06091","Sierra County, California","B02015_015","Asian","Malaysian",0,13
"06091","Sierra County, California","B02015_016","Asian","Mien",0,13
"06091","Sierra County, California","B02015_017","Asian","Singaporean",0,13
"06091","Sierra County, California","B02015_018","Asian","Thai",0,13
"06091","Sierra County, California","B02015_019","Asian","Vietnamese",0,13
"06091","Sierra County, California","B02015_020","Asian","Other Southeast Asian",0,13
"06091","Sierra County, California","B02015_021","Asian","Asian Indian",0,13
"06091","Sierra County, California","B02015_022","Asian","Bangladeshi",0,13
"06091","Sierra County, California","B02015_023","Asian","Bhutanese",0,13
"06091","Sierra County, California","B02015_024","Asian","Nepalese",0,13
"06091","Sierra County, California","B02015_025","Asian","Pakistani",0,13
"06091","Sierra County, California","B02015_026","Asian","Sikh",0,13
"06091","Sierra County, California","B02015_027","Asian","Sri Lankan",0,13
"06091","Sierra County, California","B02015_028","Asian","Other South Asian",0,13
"06091","Sierra County, California","B02015_029","Asian","Kazakh",0,13
"06091","Sierra County, California","B02015_030","Asian","Uzbek",0,13
"06091","Sierra County, California","B02015_031","Asian","Other Central Asian",0,13
"06091","Sierra County, California","B02015_032","Asian","Other Asian, specified",0,13
"06091","Sierra County, California","B02015_033","Asian","Other Asian, not specified",0,13
"06091","Sierra County, California","B02015_034","Asian","Two or more Asian",0,13
"06093","Siskiyou County, California","B02015_001","Asian","Total",708,158
"06093","Siskiyou County, California","B02015_002","Asian","Chinese, except Taiwanese",207,120
"06093","Siskiyou County, California","B02015_003","Asian","Hmong",96,80
"06093","Siskiyou County, California","B02015_004","Asian","Japanese",32,26
"06093","Siskiyou County, California","B02015_005","Asian","Korean",18,12
"06093","Siskiyou County, California","B02015_006","Asian","Mongolian",0,28
"06093","Siskiyou County, California","B02015_007","Asian","Okinawan",0,28
"06093","Siskiyou County, California","B02015_008","Asian","Taiwanese",0,28
"06093","Siskiyou County, California","B02015_009","Asian","Other East Asian",0,28
"06093","Siskiyou County, California","B02015_010","Asian","Burmese",0,28
"06093","Siskiyou County, California","B02015_011","Asian","Cambodian",3,10
"06093","Siskiyou County, California","B02015_012","Asian","Filipino",88,40
"06093","Siskiyou County, California","B02015_013","Asian","Indonesian",3,5
"06093","Siskiyou County, California","B02015_014","Asian","Laotian",115,96
"06093","Siskiyou County, California","B02015_015","Asian","Malaysian",0,28
"06093","Siskiyou County, California","B02015_016","Asian","Mien",0,28
"06093","Siskiyou County, California","B02015_017","Asian","Singaporean",0,28
"06093","Siskiyou County, California","B02015_018","Asian","Thai",14,15
"06093","Siskiyou County, California","B02015_019","Asian","Vietnamese",14,23
"06093","Siskiyou County, California","B02015_020","Asian","Other Southeast Asian",0,28
"06093","Siskiyou County, California","B02015_021","Asian","Asian Indian",91,89
"06093","Siskiyou County, California","B02015_022","Asian","Bangladeshi",0,28
"06093","Siskiyou County, California","B02015_023","Asian","Bhutanese",0,28
"06093","Siskiyou County, California","B02015_024","Asian","Nepalese",0,28
"06093","Siskiyou County, California","B02015_025","Asian","Pakistani",0,28
"06093","Siskiyou County, California","B02015_026","Asian","Sikh",0,28
"06093","Siskiyou County, California","B02015_027","Asian","Sri Lankan",4,8
"06093","Siskiyou County, California","B02015_028","Asian","Other South Asian",0,28
"06093","Siskiyou County, California","B02015_029","Asian","Kazakh",0,28
"06093","Siskiyou County, California","B02015_030","Asian","Uzbek",0,28
"06093","Siskiyou County, California","B02015_031","Asian","Other Central Asian",0,28
"06093","Siskiyou County, California","B02015_032","Asian","Other Asian, specified",0,28
"06093","Siskiyou County, California","B02015_033","Asian","Other Asian, not specified",0,28
"06093","Siskiyou County, California","B02015_034","Asian","Two or more Asian",23,31
"06095","Solano County, California","B02015_001","Asian","Total",70814,1459
"06095","Solano County, California","B02015_002","Asian","Chinese, except Taiwanese",6506,897
"06095","Solano County, California","B02015_003","Asian","Hmong",421,212
"06095","Solano County, California","B02015_004","Asian","Japanese",2421,673
"06095","Solano County, California","B02015_005","Asian","Korean",1674,441
"06095","Solano County, California","B02015_006","Asian","Mongolian",0,31
"06095","Solano County, California","B02015_007","Asian","Okinawan",7,15
"06095","Solano County, California","B02015_008","Asian","Taiwanese",76,47
"06095","Solano County, California","B02015_009","Asian","Other East Asian",0,31
"06095","Solano County, California","B02015_010","Asian","Burmese",103,87
"06095","Solano County, California","B02015_011","Asian","Cambodian",181,85
"06095","Solano County, California","B02015_012","Asian","Filipino",46788,1663
"06095","Solano County, California","B02015_013","Asian","Indonesian",49,43
"06095","Solano County, California","B02015_014","Asian","Laotian",813,337
"06095","Solano County, California","B02015_015","Asian","Malaysian",111,94
"06095","Solano County, California","B02015_016","Asian","Mien",220,150
"06095","Solano County, California","B02015_017","Asian","Singaporean",0,31
"06095","Solano County, California","B02015_018","Asian","Thai",750,330
"06095","Solano County, California","B02015_019","Asian","Vietnamese",2903,697
"06095","Solano County, California","B02015_020","Asian","Other Southeast Asian",92,145
"06095","Solano County, California","B02015_021","Asian","Asian Indian",4643,898
"06095","Solano County, California","B02015_022","Asian","Bangladeshi",0,31
"06095","Solano County, California","B02015_023","Asian","Bhutanese",0,31
"06095","Solano County, California","B02015_024","Asian","Nepalese",138,123
"06095","Solano County, California","B02015_025","Asian","Pakistani",163,132
"06095","Solano County, California","B02015_026","Asian","Sikh",0,31
"06095","Solano County, California","B02015_027","Asian","Sri Lankan",24,42
"06095","Solano County, California","B02015_028","Asian","Other South Asian",0,31
"06095","Solano County, California","B02015_029","Asian","Kazakh",0,31
"06095","Solano County, California","B02015_030","Asian","Uzbek",0,31
"06095","Solano County, California","B02015_031","Asian","Other Central Asian",133,129
"06095","Solano County, California","B02015_032","Asian","Other Asian, specified",7,11
"06095","Solano County, California","B02015_033","Asian","Other Asian, not specified",202,105
"06095","Solano County, California","B02015_034","Asian","Two or more Asian",2389,506
"06097","Sonoma County, California","B02015_001","Asian","Total",21833,749
"06097","Sonoma County, California","B02015_002","Asian","Chinese, except Taiwanese",4349,706
"06097","Sonoma County, California","B02015_003","Asian","Hmong",80,54
"06097","Sonoma County, California","B02015_004","Asian","Japanese",1493,249
"06097","Sonoma County, California","B02015_005","Asian","Korean",1191,436
"06097","Sonoma County, California","B02015_006","Asian","Mongolian",0,31
"06097","Sonoma County, California","B02015_007","Asian","Okinawan",6,9
"06097","Sonoma County, California","B02015_008","Asian","Taiwanese",393,236
"06097","Sonoma County, California","B02015_009","Asian","Other East Asian",0,31
"06097","Sonoma County, California","B02015_010","Asian","Burmese",66,64
"06097","Sonoma County, California","B02015_011","Asian","Cambodian",743,288
"06097","Sonoma County, California","B02015_012","Asian","Filipino",4898,887
"06097","Sonoma County, California","B02015_013","Asian","Indonesian",15,18
"06097","Sonoma County, California","B02015_014","Asian","Laotian",515,181
"06097","Sonoma County, California","B02015_015","Asian","Malaysian",0,31
"06097","Sonoma County, California","B02015_016","Asian","Mien",0,31
"06097","Sonoma County, California","B02015_017","Asian","Singaporean",0,31
"06097","Sonoma County, California","B02015_018","Asian","Thai",312,173
"06097","Sonoma County, California","B02015_019","Asian","Vietnamese",3087,648
"06097","Sonoma County, California","B02015_020","Asian","Other Southeast Asian",0,31
"06097","Sonoma County, California","B02015_021","Asian","Asian Indian",2711,791
"06097","Sonoma County, California","B02015_022","Asian","Bangladeshi",13,20
"06097","Sonoma County, California","B02015_023","Asian","Bhutanese",0,31
"06097","Sonoma County, California","B02015_024","Asian","Nepalese",462,265
"06097","Sonoma County, California","B02015_025","Asian","Pakistani",8,16
"06097","Sonoma County, California","B02015_026","Asian","Sikh",0,31
"06097","Sonoma County, California","B02015_027","Asian","Sri Lankan",47,62
"06097","Sonoma County, California","B02015_028","Asian","Other South Asian",0,31
"06097","Sonoma County, California","B02015_029","Asian","Kazakh",0,31
"06097","Sonoma County, California","B02015_030","Asian","Uzbek",0,31
"06097","Sonoma County, California","B02015_031","Asian","Other Central Asian",80,117
"06097","Sonoma County, California","B02015_032","Asian","Other Asian, specified",0,31
"06097","Sonoma County, California","B02015_033","Asian","Other Asian, not specified",294,170
"06097","Sonoma County, California","B02015_034","Asian","Two or more Asian",1070,312
"06099","Stanislaus County, California","B02015_001","Asian","Total",33212,1241
"06099","Stanislaus County, California","B02015_002","Asian","Chinese, except Taiwanese",4153,969
"06099","Stanislaus County, California","B02015_003","Asian","Hmong",580,222
"06099","Stanislaus County, California","B02015_004","Asian","Japanese",952,437
"06099","Stanislaus County, California","B02015_005","Asian","Korean",809,318
"06099","Stanislaus County, California","B02015_006","Asian","Mongolian",1,4
"06099","Stanislaus County, California","B02015_007","Asian","Okinawan",0,31
"06099","Stanislaus County, California","B02015_008","Asian","Taiwanese",91,79
"06099","Stanislaus County, California","B02015_009","Asian","Other East Asian",0,31
"06099","Stanislaus County, California","B02015_010","Asian","Burmese",72,98
"06099","Stanislaus County, California","B02015_011","Asian","Cambodian",3554,812
"06099","Stanislaus County, California","B02015_012","Asian","Filipino",6213,1128
"06099","Stanislaus County, California","B02015_013","Asian","Indonesian",80,71
"06099","Stanislaus County, California","B02015_014","Asian","Laotian",1042,421
"06099","Stanislaus County, California","B02015_015","Asian","Malaysian",0,31
"06099","Stanislaus County, California","B02015_016","Asian","Mien",112,157
"06099","Stanislaus County, California","B02015_017","Asian","Singaporean",0,31
"06099","Stanislaus County, California","B02015_018","Asian","Thai",70,58
"06099","Stanislaus County, California","B02015_019","Asian","Vietnamese",1885,654
"06099","Stanislaus County, California","B02015_020","Asian","Other Southeast Asian",0,31
"06099","Stanislaus County, California","B02015_021","Asian","Asian Indian",8984,1199
"06099","Stanislaus County, California","B02015_022","Asian","Bangladeshi",0,31
"06099","Stanislaus County, California","B02015_023","Asian","Bhutanese",0,31
"06099","Stanislaus County, California","B02015_024","Asian","Nepalese",52,67
"06099","Stanislaus County, California","B02015_025","Asian","Pakistani",592,490
"06099","Stanislaus County, California","B02015_026","Asian","Sikh",117,109
"06099","Stanislaus County, California","B02015_027","Asian","Sri Lankan",148,188
"06099","Stanislaus County, California","B02015_028","Asian","Other South Asian",0,31
"06099","Stanislaus County, California","B02015_029","Asian","Kazakh",0,31
"06099","Stanislaus County, California","B02015_030","Asian","Uzbek",0,31
"06099","Stanislaus County, California","B02015_031","Asian","Other Central Asian",1612,818
"06099","Stanislaus County, California","B02015_032","Asian","Other Asian, specified",0,31
"06099","Stanislaus County, California","B02015_033","Asian","Other Asian, not specified",138,102
"06099","Stanislaus County, California","B02015_034","Asian","Two or more Asian",1955,474
"06101","Sutter County, California","B02015_001","Asian","Total",16490,536
"06101","Sutter County, California","B02015_002","Asian","Chinese, except Taiwanese",261,118
"06101","Sutter County, California","B02015_003","Asian","Hmong",794,622
"06101","Sutter County, California","B02015_004","Asian","Japanese",382,209
"06101","Sutter County, California","B02015_005","Asian","Korean",105,57
"06101","Sutter County, California","B02015_006","Asian","Mongolian",0,31
"06101","Sutter County, California","B02015_007","Asian","Okinawan",0,31
"06101","Sutter County, California","B02015_008","Asian","Taiwanese",31,52
"06101","Sutter County, California","B02015_009","Asian","Other East Asian",0,31
"06101","Sutter County, California","B02015_010","Asian","Burmese",10,15
"06101","Sutter County, California","B02015_011","Asian","Cambodian",239,289
"06101","Sutter County, California","B02015_012","Asian","Filipino",895,533
"06101","Sutter County, California","B02015_013","Asian","Indonesian",21,29
"06101","Sutter County, California","B02015_014","Asian","Laotian",27,43
"06101","Sutter County, California","B02015_015","Asian","Malaysian",0,31
"06101","Sutter County, California","B02015_016","Asian","Mien",30,46
"06101","Sutter County, California","B02015_017","Asian","Singaporean",0,31
"06101","Sutter County, California","B02015_018","Asian","Thai",43,40
"06101","Sutter County, California","B02015_019","Asian","Vietnamese",327,229
"06101","Sutter County, California","B02015_020","Asian","Other Southeast Asian",0,31
"06101","Sutter County, California","B02015_021","Asian","Asian Indian",11232,911
"06101","Sutter County, California","B02015_022","Asian","Bangladeshi",26,47
"06101","Sutter County, California","B02015_023","Asian","Bhutanese",0,31
"06101","Sutter County, California","B02015_024","Asian","Nepalese",0,31
"06101","Sutter County, California","B02015_025","Asian","Pakistani",591,391
"06101","Sutter County, California","B02015_026","Asian","Sikh",392,303
"06101","Sutter County, California","B02015_027","Asian","Sri Lankan",0,31
"06101","Sutter County, California","B02015_028","Asian","Other South Asian",0,31
"06101","Sutter County, California","B02015_029","Asian","Kazakh",0,31
"06101","Sutter County, California","B02015_030","Asian","Uzbek",0,31
"06101","Sutter County, California","B02015_031","Asian","Other Central Asian",103,124
"06101","Sutter County, California","B02015_032","Asian","Other Asian, specified",0,31
"06101","Sutter County, California","B02015_033","Asian","Other Asian, not specified",148,170
"06101","Sutter County, California","B02015_034","Asian","Two or more Asian",833,452
"06103","Tehama County, California","B02015_001","Asian","Total",1236,129
"06103","Tehama County, California","B02015_002","Asian","Chinese, except Taiwanese",85,116
"06103","Tehama County, California","B02015_003","Asian","Hmong",369,254
"06103","Tehama County, California","B02015_004","Asian","Japanese",26,34
"06103","Tehama County, California","B02015_005","Asian","Korean",42,56
"06103","Tehama County, California","B02015_006","Asian","Mongolian",0,31
"06103","Tehama County, California","B02015_007","Asian","Okinawan",0,31
"06103","Tehama County, California","B02015_008","Asian","Taiwanese",0,31
"06103","Tehama County, California","B02015_009","Asian","Other East Asian",0,31
"06103","Tehama County, California","B02015_010","Asian","Burmese",0,31
"06103","Tehama County, California","B02015_011","Asian","Cambodian",3,7
"06103","Tehama County, California","B02015_012","Asian","Filipino",166,98
"06103","Tehama County, California","B02015_013","Asian","Indonesian",0,31
"06103","Tehama County, California","B02015_014","Asian","Laotian",387,270
"06103","Tehama County, California","B02015_015","Asian","Malaysian",0,31
"06103","Tehama County, California","B02015_016","Asian","Mien",0,31
"06103","Tehama County, California","B02015_017","Asian","Singaporean",0,31
"06103","Tehama County, California","B02015_018","Asian","Thai",0,31
"06103","Tehama County, California","B02015_019","Asian","Vietnamese",104,119
"06103","Tehama County, California","B02015_020","Asian","Other Southeast Asian",0,31
"06103","Tehama County, California","B02015_021","Asian","Asian Indian",53,85
"06103","Tehama County, California","B02015_022","Asian","Bangladeshi",0,31
"06103","Tehama County, California","B02015_023","Asian","Bhutanese",0,31
"06103","Tehama County, California","B02015_024","Asian","Nepalese",0,31
"06103","Tehama County, California","B02015_025","Asian","Pakistani",1,5
"06103","Tehama County, California","B02015_026","Asian","Sikh",0,31
"06103","Tehama County, California","B02015_027","Asian","Sri Lankan",0,31
"06103","Tehama County, California","B02015_028","Asian","Other South Asian",0,31
"06103","Tehama County, California","B02015_029","Asian","Kazakh",0,31
"06103","Tehama County, California","B02015_030","Asian","Uzbek",0,31
"06103","Tehama County, California","B02015_031","Asian","Other Central Asian",0,31
"06103","Tehama County, California","B02015_032","Asian","Other Asian, specified",0,31
"06103","Tehama County, California","B02015_033","Asian","Other Asian, not specified",0,31
"06103","Tehama County, California","B02015_034","Asian","Two or more Asian",0,31
"06105","Trinity County, California","B02015_001","Asian","Total",392,18
"06105","Trinity County, California","B02015_002","Asian","Chinese, except Taiwanese",55,50
"06105","Trinity County, California","B02015_003","Asian","Hmong",265,44
"06105","Trinity County, California","B02015_004","Asian","Japanese",0,21
"06105","Trinity County, California","B02015_005","Asian","Korean",12,19
"06105","Trinity County, California","B02015_006","Asian","Mongolian",0,21
"06105","Trinity County, California","B02015_007","Asian","Okinawan",0,21
"06105","Trinity County, California","B02015_008","Asian","Taiwanese",0,21
"06105","Trinity County, California","B02015_009","Asian","Other East Asian",0,21
"06105","Trinity County, California","B02015_010","Asian","Burmese",0,21
"06105","Trinity County, California","B02015_011","Asian","Cambodian",0,21
"06105","Trinity County, California","B02015_012","Asian","Filipino",5,14
"06105","Trinity County, California","B02015_013","Asian","Indonesian",0,21
"06105","Trinity County, California","B02015_014","Asian","Laotian",16,22
"06105","Trinity County, California","B02015_015","Asian","Malaysian",0,21
"06105","Trinity County, California","B02015_016","Asian","Mien",0,21
"06105","Trinity County, California","B02015_017","Asian","Singaporean",0,21
"06105","Trinity County, California","B02015_018","Asian","Thai",39,51
"06105","Trinity County, California","B02015_019","Asian","Vietnamese",0,21
"06105","Trinity County, California","B02015_020","Asian","Other Southeast Asian",0,21
"06105","Trinity County, California","B02015_021","Asian","Asian Indian",0,21
"06105","Trinity County, California","B02015_022","Asian","Bangladeshi",0,21
"06105","Trinity County, California","B02015_023","Asian","Bhutanese",0,21
"06105","Trinity County, California","B02015_024","Asian","Nepalese",0,21
"06105","Trinity County, California","B02015_025","Asian","Pakistani",0,21
"06105","Trinity County, California","B02015_026","Asian","Sikh",0,21
"06105","Trinity County, California","B02015_027","Asian","Sri Lankan",0,21
"06105","Trinity County, California","B02015_028","Asian","Other South Asian",0,21
"06105","Trinity County, California","B02015_029","Asian","Kazakh",0,21
"06105","Trinity County, California","B02015_030","Asian","Uzbek",0,21
"06105","Trinity County, California","B02015_031","Asian","Other Central Asian",0,21
"06105","Trinity County, California","B02015_032","Asian","Other Asian, specified",0,21
"06105","Trinity County, California","B02015_033","Asian","Other Asian, not specified",0,21
"06105","Trinity County, California","B02015_034","Asian","Two or more Asian",0,21
"06107","Tulare County, California","B02015_001","Asian","Total",16955,607
"06107","Tulare County, California","B02015_002","Asian","Chinese, except Taiwanese",1917,587
"06107","Tulare County, California","B02015_003","Asian","Hmong",1590,683
"06107","Tulare County, California","B02015_004","Asian","Japanese",499,206
"06107","Tulare County, California","B02015_005","Asian","Korean",791,278
"06107","Tulare County, California","B02015_006","Asian","Mongolian",52,86
"06107","Tulare County, California","B02015_007","Asian","Okinawan",0,31
"06107","Tulare County, California","B02015_008","Asian","Taiwanese",12,20
"06107","Tulare County, California","B02015_009","Asian","Other East Asian",0,31
"06107","Tulare County, California","B02015_010","Asian","Burmese",0,31
"06107","Tulare County, California","B02015_011","Asian","Cambodian",96,120
"06107","Tulare County, California","B02015_012","Asian","Filipino",5429,736
"06107","Tulare County, California","B02015_013","Asian","Indonesian",0,31
"06107","Tulare County, California","B02015_014","Asian","Laotian",1651,590
"06107","Tulare County, California","B02015_015","Asian","Malaysian",0,31
"06107","Tulare County, California","B02015_016","Asian","Mien",161,187
"06107","Tulare County, California","B02015_017","Asian","Singaporean",0,31
"06107","Tulare County, California","B02015_018","Asian","Thai",146,140
"06107","Tulare County, California","B02015_019","Asian","Vietnamese",443,257
"06107","Tulare County, California","B02015_020","Asian","Other Southeast Asian",0,31
"06107","Tulare County, California","B02015_021","Asian","Asian Indian",1524,691
"06107","Tulare County, California","B02015_022","Asian","Bangladeshi",121,124
"06107","Tulare County, California","B02015_023","Asian","Bhutanese",0,31
"06107","Tulare County, California","B02015_024","Asian","Nepalese",31,52
"06107","Tulare County, California","B02015_025","Asian","Pakistani",324,235
"06107","Tulare County, California","B02015_026","Asian","Sikh",0,31
"06107","Tulare County, California","B02015_027","Asian","Sri Lankan",27,45
"06107","Tulare County, California","B02015_028","Asian","Other South Asian",0,31
"06107","Tulare County, California","B02015_029","Asian","Kazakh",0,31
"06107","Tulare County, California","B02015_030","Asian","Uzbek",0,31
"06107","Tulare County, California","B02015_031","Asian","Other Central Asian",0,31
"06107","Tulare County, California","B02015_032","Asian","Other Asian, specified",1405,718
"06107","Tulare County, California","B02015_033","Asian","Other Asian, not specified",127,81
"06107","Tulare County, California","B02015_034","Asian","Two or more Asian",609,330
"06109","Tuolumne County, California","B02015_001","Asian","Total",810,123
"06109","Tuolumne County, California","B02015_002","Asian","Chinese, except Taiwanese",87,55
"06109","Tuolumne County, California","B02015_003","Asian","Hmong",58,112
"06109","Tuolumne County, California","B02015_004","Asian","Japanese",106,53
"06109","Tuolumne County, California","B02015_005","Asian","Korean",54,114
"06109","Tuolumne County, California","B02015_006","Asian","Mongolian",0,31
"06109","Tuolumne County, California","B02015_007","Asian","Okinawan",0,31
"06109","Tuolumne County, California","B02015_008","Asian","Taiwanese",11,18
"06109","Tuolumne County, California","B02015_009","Asian","Other East Asian",0,31
"06109","Tuolumne County, California","B02015_010","Asian","Burmese",0,31
"06109","Tuolumne County, California","B02015_011","Asian","Cambodian",2,6
"06109","Tuolumne County, California","B02015_012","Asian","Filipino",347,144
"06109","Tuolumne County, California","B02015_013","Asian","Indonesian",11,28
"06109","Tuolumne County, California","B02015_014","Asian","Laotian",7,12
"06109","Tuolumne County, California","B02015_015","Asian","Malaysian",0,31
"06109","Tuolumne County, California","B02015_016","Asian","Mien",6,11
"06109","Tuolumne County, California","B02015_017","Asian","Singaporean",0,31
"06109","Tuolumne County, California","B02015_018","Asian","Thai",4,30
"06109","Tuolumne County, California","B02015_019","Asian","Vietnamese",54,35
"06109","Tuolumne County, California","B02015_020","Asian","Other Southeast Asian",0,31
"06109","Tuolumne County, California","B02015_021","Asian","Asian Indian",31,31
"06109","Tuolumne County, California","B02015_022","Asian","Bangladeshi",0,31
"06109","Tuolumne County, California","B02015_023","Asian","Bhutanese",0,31
"06109","Tuolumne County, California","B02015_024","Asian","Nepalese",0,31
"06109","Tuolumne County, California","B02015_025","Asian","Pakistani",8,16
"06109","Tuolumne County, California","B02015_026","Asian","Sikh",0,31
"06109","Tuolumne County, California","B02015_027","Asian","Sri Lankan",0,31
"06109","Tuolumne County, California","B02015_028","Asian","Other South Asian",0,31
"06109","Tuolumne County, California","B02015_029","Asian","Kazakh",0,31
"06109","Tuolumne County, California","B02015_030","Asian","Uzbek",0,31
"06109","Tuolumne County, California","B02015_031","Asian","Other Central Asian",16,24
"06109","Tuolumne County, California","B02015_032","Asian","Other Asian, specified",0,31
"06109","Tuolumne County, California","B02015_033","Asian","Other Asian, not specified",6,11
"06109","Tuolumne County, California","B02015_034","Asian","Two or more Asian",2,6
"06111","Ventura County, California","B02015_001","Asian","Total",60951,1265
"06111","Ventura County, California","B02015_002","Asian","Chinese, except Taiwanese",9685,968
"06111","Ventura County, California","B02015_003","Asian","Hmong",151,136
"06111","Ventura County, California","B02015_004","Asian","Japanese",3787,514
"06111","Ventura County, California","B02015_005","Asian","Korean",4423,830
"06111","Ventura County, California","B02015_006","Asian","Mongolian",76,104
"06111","Ventura County, California","B02015_007","Asian","Okinawan",13,22
"06111","Ventura County, California","B02015_008","Asian","Taiwanese",1046,332
"06111","Ventura County, California","B02015_009","Asian","Other East Asian",0,31
"06111","Ventura County, California","B02015_010","Asian","Burmese",9,13
"06111","Ventura County, California","B02015_011","Asian","Cambodian",1011,433
"06111","Ventura County, California","B02015_012","Asian","Filipino",19249,1388
"06111","Ventura County, California","B02015_013","Asian","Indonesian",227,120
"06111","Ventura County, California","B02015_014","Asian","Laotian",163,122
"06111","Ventura County, California","B02015_015","Asian","Malaysian",13,23
"06111","Ventura County, California","B02015_016","Asian","Mien",94,110
"06111","Ventura County, California","B02015_017","Asian","Singaporean",12,21
"06111","Ventura County, California","B02015_018","Asian","Thai",640,297
"06111","Ventura County, California","B02015_019","Asian","Vietnamese",4721,782
"06111","Ventura County, California","B02015_020","Asian","Other Southeast Asian",0,31
"06111","Ventura County, California","B02015_021","Asian","Asian Indian",11208,1225
"06111","Ventura County, California","B02015_022","Asian","Bangladeshi",45,65
"06111","Ventura County, California","B02015_023","Asian","Bhutanese",0,31
"06111","Ventura County, California","B02015_024","Asian","Nepalese",87,74
"06111","Ventura County, California","B02015_025","Asian","Pakistani",919,487
"06111","Ventura County, California","B02015_026","Asian","Sikh",0,31
"06111","Ventura County, California","B02015_027","Asian","Sri Lankan",270,173
"06111","Ventura County, California","B02015_028","Asian","Other South Asian",0,31
"06111","Ventura County, California","B02015_029","Asian","Kazakh",22,36
"06111","Ventura County, California","B02015_030","Asian","Uzbek",8,12
"06111","Ventura County, California","B02015_031","Asian","Other Central Asian",289,251
"06111","Ventura County, California","B02015_032","Asian","Other Asian, specified",0,31
"06111","Ventura County, California","B02015_033","Asian","Other Asian, not specified",670,441
"06111","Ventura County, California","B02015_034","Asian","Two or more Asian",2113,358
"06113","Yolo County, California","B02015_001","Asian","Total",32018,912
"06113","Yolo County, California","B02015_002","Asian","Chinese, except Taiwanese",11601,917
"06113","Yolo County, California","B02015_003","Asian","Hmong",362,247
"06113","Yolo County, California","B02015_004","Asian","Japanese",1763,377
"06113","Yolo County, California","B02015_005","Asian","Korean",2374,465
"06113","Yolo County, California","B02015_006","Asian","Mongolian",13,17
"06113","Yolo County, California","B02015_007","Asian","Okinawan",7,11
"06113","Yolo County, California","B02015_008","Asian","Taiwanese",726,298
"06113","Yolo County, California","B02015_009","Asian","Other East Asian",0,31
"06113","Yolo County, California","B02015_010","Asian","Burmese",34,32
"06113","Yolo County, California","B02015_011","Asian","Cambodian",735,416
"06113","Yolo County, California","B02015_012","Asian","Filipino",3842,723
"06113","Yolo County, California","B02015_013","Asian","Indonesian",88,121
"06113","Yolo County, California","B02015_014","Asian","Laotian",263,122
"06113","Yolo County, California","B02015_015","Asian","Malaysian",11,22
"06113","Yolo County, California","B02015_016","Asian","Mien",110,117
"06113","Yolo County, California","B02015_017","Asian","Singaporean",0,31
"06113","Yolo County, California","B02015_018","Asian","Thai",181,108
"06113","Yolo County, California","B02015_019","Asian","Vietnamese",1623,370
"06113","Yolo County, California","B02015_020","Asian","Other Southeast Asian",0,31
"06113","Yolo County, California","B02015_021","Asian","Asian Indian",4148,758
"06113","Yolo County, California","B02015_022","Asian","Bangladeshi",71,66
"06113","Yolo County, California","B02015_023","Asian","Bhutanese",0,31
"06113","Yolo County, California","B02015_024","Asian","Nepalese",497,305
"06113","Yolo County, California","B02015_025","Asian","Pakistani",1260,430
"06113","Yolo County, California","B02015_026","Asian","Sikh",65,102
"06113","Yolo County, California","B02015_027","Asian","Sri Lankan",0,31
"06113","Yolo County, California","B02015_028","Asian","Other South Asian",0,31
"06113","Yolo County, California","B02015_029","Asian","Kazakh",0,31
"06113","Yolo County, California","B02015_030","Asian","Uzbek",0,31
"06113","Yolo County, California","B02015_031","Asian","Other Central Asian",759,356
"06113","Yolo County, California","B02015_032","Asian","Other Asian, specified",0,31
"06113","Yolo County, California","B02015_033","Asian","Other Asian, not specified",119,90
"06113","Yolo County, California","B02015_034","Asian","Two or more Asian",1366,343
"06115","Yuba County, California","B02015_001","Asian","Total",6360,332
"06115","Yuba County, California","B02015_002","Asian","Chinese, except Taiwanese",419,256
"06115","Yuba County, California","B02015_003","Asian","Hmong",3966,652
"06115","Yuba County, California","B02015_004","Asian","Japanese",148,98
"06115","Yuba County, California","B02015_005","Asian","Korean",55,45
"06115","Yuba County, California","B02015_006","Asian","Mongolian",0,31
"06115","Yuba County, California","B02015_007","Asian","Okinawan",0,31
"06115","Yuba County, California","B02015_008","Asian","Taiwanese",13,16
"06115","Yuba County, California","B02015_009","Asian","Other East Asian",0,31
"06115","Yuba County, California","B02015_010","Asian","Burmese",0,31
"06115","Yuba County, California","B02015_011","Asian","Cambodian",52,47
"06115","Yuba County, California","B02015_012","Asian","Filipino",553,203
"06115","Yuba County, California","B02015_013","Asian","Indonesian",0,31
"06115","Yuba County, California","B02015_014","Asian","Laotian",116,108
"06115","Yuba County, California","B02015_015","Asian","Malaysian",0,31
"06115","Yuba County, California","B02015_016","Asian","Mien",0,31
"06115","Yuba County, California","B02015_017","Asian","Singaporean",0,31
"06115","Yuba County, California","B02015_018","Asian","Thai",32,38
"06115","Yuba County, California","B02015_019","Asian","Vietnamese",167,174
"06115","Yuba County, California","B02015_020","Asian","Other Southeast Asian",0,31
"06115","Yuba County, California","B02015_021","Asian","Asian Indian",250,224
"06115","Yuba County, California","B02015_022","Asian","Bangladeshi",0,31
"06115","Yuba County, California","B02015_023","Asian","Bhutanese",0,31
"06115","Yuba County, California","B02015_024","Asian","Nepalese",0,31
"06115","Yuba County, California","B02015_025","Asian","Pakistani",43,87
"06115","Yuba County, California","B02015_026","Asian","Sikh",0,31
"06115","Yuba County, California","B02015_027","Asian","Sri Lankan",0,31
"06115","Yuba County, California","B02015_028","Asian","Other South Asian",0,31
"06115","Yuba County, California","B02015_029","Asian","Kazakh",0,31
"06115","Yuba County, California","B02015_030","Asian","Uzbek",0,31
"06115","Yuba County, California","B02015_031","Asian","Other Central Asian",155,194
"06115","Yuba County, California","B02015_032","Asian","Other Asian, specified",0,31
"06115","Yuba County, California","B02015_033","Asian","Other Asian, not specified",138,165
"06115","Yuba County, California","B02015_034","Asian","Two or more Asian",253,199
"06001","Alameda County, California","B02016_001","NHPI","Total",12832,571
"06001","Alameda County, California","B02016_002","NHPI","Native Hawaiian",1997,382
"06001","Alameda County, California","B02016_003","NHPI","Samoan",2050,436
"06001","Alameda County, California","B02016_004","NHPI","Tongan",2388,583
"06001","Alameda County, California","B02016_005","NHPI","Other Polynesian",136,137
"06001","Alameda County, California","B02016_006","NHPI","Chamorro",1326,357
"06001","Alameda County, California","B02016_007","NHPI","Chuukese",0,31
"06001","Alameda County, California","B02016_008","NHPI","Guamanian",33,42
"06001","Alameda County, California","B02016_009","NHPI","Marshallese",5,8
"06001","Alameda County, California","B02016_010","NHPI","Other Micronesian",119,107
"06001","Alameda County, California","B02016_011","NHPI","Fijian",3471,581
"06001","Alameda County, California","B02016_012","NHPI","Other Melanesian",0,31
"06001","Alameda County, California","B02016_013","NHPI","Other Native Hawaiian and Other Pacific Islander, not specified",799,268
"06001","Alameda County, California","B02016_014","NHPI","Two or More NHPI",508,316
"06003","Alpine County, California","B02016_001","NHPI","Total",0,13
"06003","Alpine County, California","B02016_002","NHPI","Native Hawaiian",0,13
"06003","Alpine County, California","B02016_003","NHPI","Samoan",0,13
"06003","Alpine County, California","B02016_004","NHPI","Tongan",0,13
"06003","Alpine County, California","B02016_005","NHPI","Other Polynesian",0,13
"06003","Alpine County, California","B02016_006","NHPI","Chamorro",0,13
"06003","Alpine County, California","B02016_007","NHPI","Chuukese",0,13
"06003","Alpine County, California","B02016_008","NHPI","Guamanian",0,13
"06003","Alpine County, California","B02016_009","NHPI","Marshallese",0,13
"06003","Alpine County, California","B02016_010","NHPI","Other Micronesian",0,13
"06003","Alpine County, California","B02016_011","NHPI","Fijian",0,13
"06003","Alpine County, California","B02016_012","NHPI","Other Melanesian",0,13
"06003","Alpine County, California","B02016_013","NHPI","Other Native Hawaiian and Other Pacific Islander, not specified",0,13
"06003","Alpine County, California","B02016_014","NHPI","Two or More NHPI",0,13
"06005","Amador County, California","B02016_001","NHPI","Total",15,12
"06005","Amador County, California","B02016_002","NHPI","Native Hawaiian",8,8
"06005","Amador County, California","B02016_003","NHPI","Samoan",0,28
"06005","Amador County, California","B02016_004","NHPI","Tongan",0,28
"06005","Amador County, California","B02016_005","NHPI","Other Polynesian",0,28
"06005","Amador County, California","B02016_006","NHPI","Chamorro",5,10
"06005","Amador County, California","B02016_007","NHPI","Chuukese",0,28
"06005","Amador County, California","B02016_008","NHPI","Guamanian",0,28
"06005","Amador County, California","B02016_009","NHPI","Marshallese",0,28
"06005","Amador County, California","B02016_010","NHPI","Other Micronesian",0,28
"06005","Amador County, California","B02016_011","NHPI","Fijian",1,2
"06005","Amador County, California","B02016_012","NHPI","Other Melanesian",0,28
"06005","Amador County, California","B02016_013","NHPI","Other Native Hawaiian and Other Pacific Islander, not specified",0,28
"06005","Amador County, California","B02016_014","NHPI","Two or More NHPI",1,2
"06007","Butte County, California","B02016_001","NHPI","Total",680,112
"06007","Butte County, California","B02016_002","NHPI","Native Hawaiian",141,119
"06007","Butte County, California","B02016_003","NHPI","Samoan",48,39
"06007","Butte County, California","B02016_004","NHPI","Tongan",196,130
"06007","Butte County, California","B02016_005","NHPI","Other Polynesian",0,31
"06007","Butte County, California","B02016_006","NHPI","Chamorro",85,62
"06007","Butte County, California","B02016_007","NHPI","Chuukese",0,31
"06007","Butte County, California","B02016_008","NHPI","Guamanian",0,31
"06007","Butte County, California","B02016_009","NHPI","Marshallese",0,31
"06007","Butte County, California","B02016_010","NHPI","Other Micronesian",19,45
"06007","Butte County, California","B02016_011","NHPI","Fijian",165,136
"06007","Butte County, California","B02016_012","NHPI","Other Melanesian",0,31
"06007","Butte County, California","B02016_013","NHPI","Other Native Hawaiian and Other Pacific Islander, not specified",26,28
"06007","Butte County, California","B02016_014","NHPI","Two or More NHPI",0,31
"06009","Calaveras County, California","B02016_001","NHPI","Total",37,41
"06009","Calaveras County, California","B02016_002","NHPI","Native Hawaiian",22,37
"06009","Calaveras County, California","B02016_003","NHPI","Samoan",0,28
"06009","Calaveras County, California","B02016_004","NHPI","Tongan",8,8
"06009","Calaveras County, California","B02016_005","NHPI","Other Polynesian",7,13
"06009","Calaveras County, California","B02016_006","NHPI","Chamorro",0,28
"06009","Calaveras County, California","B02016_007","NHPI","Chuukese",0,28
"06009","Calaveras County, California","B02016_008","NHPI","Guamanian",0,28
"06009","Calaveras County, California","B02016_009","NHPI","Marshallese",0,28
"06009","Calaveras County, California","B02016_010","NHPI","Other Micronesian",0,28
"06009","Calaveras County, California","B02016_011","NHPI","Fijian",0,28
"06009","Calaveras County, California","B02016_012","NHPI","Other Melanesian",0,28
"06009","Calaveras County, California","B02016_013","NHPI","Other Native Hawaiian and Other Pacific Islander, not specified",0,28
"06009","Calaveras County, California","B02016_014","NHPI","Two or More NHPI",0,28
"06011","Colusa County, California","B02016_001","NHPI","Total",23,29
"06011","Colusa County, California","B02016_002","NHPI","Native Hawaiian",0,25
"06011","Colusa County, California","B02016_003","NHPI","Samoan",0,25
"06011","Colusa County, California","B02016_004","NHPI","Tongan",11,19
"06011","Colusa County, California","B02016_005","NHPI","Other Polynesian",0,25
"06011","Colusa County, California","B02016_006","NHPI","Chamorro",0,25
"06011","Colusa County, California","B02016_007","NHPI","Chuukese",0,25
"06011","Colusa County, California","B02016_008","NHPI","Guamanian",0,25
"06011","Colusa County, California","B02016_009","NHPI","Marshallese",0,25
"06011","Colusa County, California","B02016_010","NHPI","Other Micronesian",0,25
"06011","Colusa County, California","B02016_011","NHPI","Fijian",12,18
"06011","Colusa County, California","B02016_012","NHPI","Other Melanesian",0,25
"06011","Colusa County, California","B02016_013","NHPI","Other Native Hawaiian and Other Pacific Islander, not specified",0,25
"06011","Colusa County, California","B02016_014","NHPI","Two or More NHPI",0,25
"06013","Contra Costa County, California","B02016_001","NHPI","Total",5802,452
"06013","Contra Costa County, California","B02016_002","NHPI","Native Hawaiian",622,270
"06013","Contra Costa County, California","B02016_003","NHPI","Samoan",2124,670
"06013","Contra Costa County, California","B02016_004","NHPI","Tongan",796,447
"06013","Contra Costa County, California","B02016_005","NHPI","Other Polynesian",2,4
"06013","Contra Costa County, California","B02016_006","NHPI","Chamorro",492,243
"06013","Contra Costa County, California","B02016_007","NHPI","Chuukese",0,31
"06013","Contra Costa County, California","B02016_008","NHPI","Guamanian",0,31
"06013","Contra Costa County, California","B02016_009","NHPI","Marshallese",2,10
"06013","Contra Costa County, California","B02016_010","NHPI","Other Micronesian",32,39
"06013","Contra Costa County, California","B02016_011","NHPI","Fijian",1081,482
"06013","Contra Costa County, California","B02016_012","NHPI","Other Melanesian",0,31
"06013","Contra Costa County, California","B02016_013","NHPI","Other Native Hawaiian and Other Pacific Islander, not specified",294,254
"06013","Contra Costa County, California","B02016_014","NHPI","Two or More NHPI",357,190
"06015","Del Norte County, California","B02016_001","NHPI","Total",79,66
"06015","Del Norte County, California","B02016_002","NHPI","Native Hawaiian",0,25
"06015","Del Norte County, California","B02016_003","NHPI","Samoan",79,66
"06015","Del Norte County, California","B02016_004","NHPI","Tongan",0,25
"06015","Del Norte County, California","B02016_005","NHPI","Other Polynesian",0,25
"06015","Del Norte County, California","B02016_006","NHPI","Chamorro",0,25
"06015","Del Norte County, California","B02016_007","NHPI","Chuukese",0,25
"06015","Del Norte County, California","B02016_008","NHPI","Guamanian",0,25
"06015","Del Norte County, California","B02016_009","NHPI","Marshallese",0,25
"06015","Del Norte County, California","B02016_010","NHPI","Other Micronesian",0,25
"06015","Del Norte County, California","B02016_011","NHPI","Fijian",0,25
"06015","Del Norte County, California","B02016_012","NHPI","Other Melanesian",0,25
"06015","Del Norte County, California","B02016_013","NHPI","Other Native Hawaiian and Other Pacific Islander, not specified",0,25
"06015","Del Norte County, California","B02016_014","NHPI","Two or More NHPI",0,25
"06017","El Dorado County, California","B02016_001","NHPI","Total",330,110
"06017","El Dorado County, California","B02016_002","NHPI","Native Hawaiian",87,68
"06017","El Dorado County, California","B02016_003","NHPI","Samoan",77,78
"06017","El Dorado County, California","B02016_004","NHPI","Tongan",0,31
"06017","El Dorado County, California","B02016_005","NHPI","Other Polynesian",0,31
"06017","El Dorado County, California","B02016_006","NHPI","Chamorro",0,31
"06017","El Dorado County, California","B02016_007","NHPI","Chuukese",14,27
"06017","El Dorado County, California","B02016_008","NHPI","Guamanian",0,31
"06017","El Dorado County, California","B02016_009","NHPI","Marshallese",0,31
"06017","El Dorado County, California","B02016_010","NHPI","Other Micronesian",0,31
"06017","El Dorado County, California","B02016_011","NHPI","Fijian",152,167
"06017","El Dorado County, California","B02016_012","NHPI","Other Melanesian",0,31
"06017","El Dorado County, California","B02016_013","NHPI","Other Native Hawaiian and Other Pacific Islander, not specified",0,31
"06017","El Dorado County, California","B02016_014","NHPI","Two or More NHPI",0,31
"06019","Fresno County, California","B02016_001","NHPI","Total",1737,257
"06019","Fresno County, California","B02016_002","NHPI","Native Hawaiian",233,115
"06019","Fresno County, California","B02016_003","NHPI","Samoan",515,241
"06019","Fresno County, California","B02016_004","NHPI","Tongan",363,245
"06019","Fresno County, California","B02016_005","NHPI","Other Polynesian",0,31
"06019","Fresno County, California","B02016_006","NHPI","Chamorro",195,130
"06019","Fresno County, California","B02016_007","NHPI","Chuukese",0,31
"06019","Fresno County, California","B02016_008","NHPI","Guamanian",7,9
"06019","Fresno County, California","B02016_009","NHPI","Marshallese",4,14
"06019","Fresno County, California","B02016_010","NHPI","Other Micronesian",19,20
"06019","Fresno County, California","B02016_011","NHPI","Fijian",189,201
"06019","Fresno County, California","B02016_012","NHPI","Other Melanesian",0,31
"06019","Fresno County, California","B02016_013","NHPI","Other Native Hawaiian and Other Pacific Islander, not specified",141,117
"06019","Fresno County, California","B02016_014","NHPI","Two or More NHPI",71,79
"06021","Glenn County, California","B02016_001","NHPI","Total",41,46
"06021","Glenn County, California","B02016_002","NHPI","Native Hawaiian",17,26
"06021","Glenn County, California","B02016_003","NHPI","Samoan",24,39
"06021","Glenn County, California","B02016_004","NHPI","Tongan",0,25
"06021","Glenn County, California","B02016_005","NHPI","Other Polynesian",0,25
"06021","Glenn County, California","B02016_006","NHPI","Chamorro",0,25
"06021","Glenn County, California","B02016_007","NHPI","Chuukese",0,25
"06021","Glenn County, California","B02016_008","NHPI","Guamanian",0,25
"06021","Glenn County, California","B02016_009","NHPI","Marshallese",0,25
"06021","Glenn County, California","B02016_010","NHPI","Other Micronesian",0,25
"06021","Glenn County, California","B02016_011","NHPI","Fijian",0,25
"06021","Glenn County, California","B02016_012","NHPI","Other Melanesian",0,25
"06021","Glenn County, California","B02016_013","NHPI","Other Native Hawaiian and Other Pacific Islander, not specified",0,25
"06021","Glenn County, California","B02016_014","NHPI","Two or More NHPI",0,25
"06023","Humboldt County, California","B02016_001","NHPI","Total",386,149
"06023","Humboldt County, California","B02016_002","NHPI","Native Hawaiian",41,40
"06023","Humboldt County, California","B02016_003","NHPI","Samoan",19,25
"06023","Humboldt County, California","B02016_004","NHPI","Tongan",124,149
"06023","Humboldt County, California","B02016_005","NHPI","Other Polynesian",0,31
"06023","Humboldt County, California","B02016_006","NHPI","Chamorro",0,31
"06023","Humboldt County, California","B02016_007","NHPI","Chuukese",0,31
"06023","Humboldt County, California","B02016_008","NHPI","Guamanian",0,31
"06023","Humboldt County, California","B02016_009","NHPI","Marshallese",0,31
"06023","Humboldt County, California","B02016_010","NHPI","Other Micronesian",0,31
"06023","Humboldt County, California","B02016_011","NHPI","Fijian",137,144
"06023","Humboldt County, California","B02016_012","NHPI","Other Melanesian",0,31
"06023","Humboldt County, California","B02016_013","NHPI","Other Native Hawaiian and Other Pacific Islander, not specified",0,31
"06023","Humboldt County, California","B02016_014","NHPI","Two or More NHPI",65,77
"06025","Imperial County, California","B02016_001","NHPI","Total",59,39
"06025","Imperial County, California","B02016_002","NHPI","Native Hawaiian",23,29
"06025","Imperial County, California","B02016_003","NHPI","Samoan",7,13
"06025","Imperial County, California","B02016_004","NHPI","Tongan",18,16
"06025","Imperial County, California","B02016_005","NHPI","Other Polynesian",0,31
"06025","Imperial County, California","B02016_006","NHPI","Chamorro",11,18
"06025","Imperial County, California","B02016_007","NHPI","Chuukese",0,31
"06025","Imperial County, California","B02016_008","NHPI","Guamanian",0,31
"06025","Imperial County, California","B02016_009","NHPI","Marshallese",0,31
"06025","Imperial County, California","B02016_010","NHPI","Other Micronesian",0,31
"06025","Imperial County, California","B02016_011","NHPI","Fijian",0,31
"06025","Imperial County, California","B02016_012","NHPI","Other Melanesian",0,31
"06025","Imperial County, California","B02016_013","NHPI","Other Native Hawaiian and Other Pacific Islander, not specified",0,31
"06025","Imperial County, California","B02016_014","NHPI","Two or More NHPI",0,31
"06027","Inyo County, California","B02016_001","NHPI","Total",176,85
"06027","Inyo County, California","B02016_002","NHPI","Native Hawaiian",111,65
"06027","Inyo County, California","B02016_003","NHPI","Samoan",13,17
"06027","Inyo County, California","B02016_004","NHPI","Tongan",0,21
"06027","Inyo County, California","B02016_005","NHPI","Other Polynesian",6,10
"06027","Inyo County, California","B02016_006","NHPI","Chamorro",26,32
"06027","Inyo County, California","B02016_007","NHPI","Chuukese",0,21
"06027","Inyo County, California","B02016_008","NHPI","Guamanian",0,21
"06027","Inyo County, California","B02016_009","NHPI","Marshallese",0,21
"06027","Inyo County, California","B02016_010","NHPI","Other Micronesian",0,21
"06027","Inyo County, California","B02016_011","NHPI","Fijian",2,5
"06027","Inyo County, California","B02016_012","NHPI","Other Melanesian",0,21
"06027","Inyo County, California","B02016_013","NHPI","Other Native Hawaiian and Other Pacific Islander, not specified",4,6
"06027","Inyo County, California","B02016_014","NHPI","Two or More NHPI",14,18
"06029","Kern County, California","B02016_001","NHPI","Total",1708,397
"06029","Kern County, California","B02016_002","NHPI","Native Hawaiian",367,193
"06029","Kern County, California","B02016_003","NHPI","Samoan",663,332
"06029","Kern County, California","B02016_004","NHPI","Tongan",76,62
"06029","Kern County, California","B02016_005","NHPI","Other Polynesian",4,7
"06029","Kern County, California","B02016_006","NHPI","Chamorro",194,114
"06029","Kern County, California","B02016_007","NHPI","Chuukese",0,31
"06029","Kern County, California","B02016_008","NHPI","Guamanian",22,29
"06029","Kern County, California","B02016_009","NHPI","Marshallese",0,31
"06029","Kern County, California","B02016_010","NHPI","Other Micronesian",0,31
"06029","Kern County, California","B02016_011","NHPI","Fijian",192,163
"06029","Kern County, California","B02016_012","NHPI","Other Melanesian",0,31
"06029","Kern County, California","B02016_013","NHPI","Other Native Hawaiian and Other Pacific Islander, not specified",190,154
"06029","Kern County, California","B02016_014","NHPI","Two or More NHPI",0,31
"06031","Kings County, California","B02016_001","NHPI","Total",375,175
"06031","Kings County, California","B02016_002","NHPI","Native Hawaiian",128,205
"06031","Kings County, California","B02016_003","NHPI","Samoan",101,87
"06031","Kings County, California","B02016_004","NHPI","Tongan",11,14
"06031","Kings County, California","B02016_005","NHPI","Other Polynesian",0,31
"06031","Kings County, California","B02016_006","NHPI","Chamorro",83,90
"06031","Kings County, California","B02016_007","NHPI","Chuukese",0,31
"06031","Kings County, California","B02016_008","NHPI","Guamanian",43,52
"06031","Kings County, California","B02016_009","NHPI","Marshallese",0,31
"06031","Kings County, California","B02016_010","NHPI","Other Micronesian",0,31
"06031","Kings County, California","B02016_011","NHPI","Fijian",0,31
"06031","Kings County, California","B02016_012","NHPI","Other Melanesian",0,31
"06031","Kings County, California","B02016_013","NHPI","Other Native Hawaiian and Other Pacific Islander, not specified",9,12
"06031","Kings County, California","B02016_014","NHPI","Two or More NHPI",0,31
"06033","Lake County, California","B02016_001","NHPI","Total",199,79
"06033","Lake County, California","B02016_002","NHPI","Native Hawaiian",11,17
"06033","Lake County, California","B02016_003","NHPI","Samoan",160,102
"06033","Lake County, California","B02016_004","NHPI","Tongan",0,31
"06033","Lake County, California","B02016_005","NHPI","Other Polynesian",0,31
"06033","Lake County, California","B02016_006","NHPI","Chamorro",0,31
"06033","Lake County, California","B02016_007","NHPI","Chuukese",0,31
"06033","Lake County, California","B02016_008","NHPI","Guamanian",0,31
"06033","Lake County, California","B02016_009","NHPI","Marshallese",0,31
"06033","Lake County, California","B02016_010","NHPI","Other Micronesian",3,20
"06033","Lake County, California","B02016_011","NHPI","Fijian",21,29
"06033","Lake County, California","B02016_012","NHPI","Other Melanesian",0,31
"06033","Lake County, California","B02016_013","NHPI","Other Native Hawaiian and Other Pacific Islander, not specified",4,5
"06033","Lake County, California","B02016_014","NHPI","Two or More NHPI",0,31
"06035","Lassen County, California","B02016_001","NHPI","Total",302,12
"06035","Lassen County, California","B02016_002","NHPI","Native Hawaiian",22,37
"06035","Lassen County, California","B02016_003","NHPI","Samoan",5,9
"06035","Lassen County, California","B02016_004","NHPI","Tongan",0,28
"06035","Lassen County, California","B02016_005","NHPI","Other Polynesian",0,28
"06035","Lassen County, California","B02016_006","NHPI","Chamorro",22,41
"06035","Lassen County, California","B02016_007","NHPI","Chuukese",163,118
"06035","Lassen County, California","B02016_008","NHPI","Guamanian",24,52
"06035","Lassen County, California","B02016_009","NHPI","Marshallese",0,28
"06035","Lassen County, California","B02016_010","NHPI","Other Micronesian",0,28
"06035","Lassen County, California","B02016_011","NHPI","Fijian",0,28
"06035","Lassen County, California","B02016_012","NHPI","Other Melanesian",0,28
"06035","Lassen County, California","B02016_013","NHPI","Other Native Hawaiian and Other Pacific Islander, not specified",66,80
"06035","Lassen County, California","B02016_014","NHPI","Two or More NHPI",0,28
"06037","Los Angeles County, California","B02016_001","NHPI","Total",23400,1000
"06037","Los Angeles County, California","B02016_002","NHPI","Native Hawaiian",3446,528
"06037","Los Angeles County, California","B02016_003","NHPI","Samoan",8294,1052
"06037","Los Angeles County, California","B02016_004","NHPI","Tongan",2289,683
"06037","Los Angeles County, California","B02016_005","NHPI","Other Polynesian",207,98
"06037","Los Angeles County, California","B02016_006","NHPI","Chamorro",3590,850
"06037","Los Angeles County, California","B02016_007","NHPI","Chuukese",0,31
"06037","Los Angeles County, California","B02016_008","NHPI","Guamanian",256,197
"06037","Los Angeles County, California","B02016_009","NHPI","Marshallese",11,22
"06037","Los Angeles County, California","B02016_010","NHPI","Other Micronesian",407,248
"06037","Los Angeles County, California","B02016_011","NHPI","Fijian",2090,604
"06037","Los Angeles County, California","B02016_012","NHPI","Other Melanesian",0,31
"06037","Los Angeles County, California","B02016_013","NHPI","Other Native Hawaiian and Other Pacific Islander, not specified",2340,691
"06037","Los Angeles County, California","B02016_014","NHPI","Two or More NHPI",470,174
"06039","Madera County, California","B02016_001","NHPI","Total",134,76
"06039","Madera County, California","B02016_002","NHPI","Native Hawaiian",9,13
"06039","Madera County, California","B02016_003","NHPI","Samoan",54,65
"06039","Madera County, California","B02016_004","NHPI","Tongan",3,8
"06039","Madera County, California","B02016_005","NHPI","Other Polynesian",0,31
"06039","Madera County, California","B02016_006","NHPI","Chamorro",3,5
"06039","Madera County, California","B02016_007","NHPI","Chuukese",0,31
"06039","Madera County, California","B02016_008","NHPI","Guamanian",0,31
"06039","Madera County, California","B02016_009","NHPI","Marshallese",0,31
"06039","Madera County, California","B02016_010","NHPI","Other Micronesian",0,31
"06039","Madera County, California","B02016_011","NHPI","Fijian",20,31
"06039","Madera County, California","B02016_012","NHPI","Other Melanesian",0,31
"06039","Madera County, California","B02016_013","NHPI","Other Native Hawaiian and Other Pacific Islander, not specified",45,44
"06039","Madera County, California","B02016_014","NHPI","Two or More NHPI",0,31
"06041","Marin County, California","B02016_001","NHPI","Total",430,113
"06041","Marin County, California","B02016_002","NHPI","Native Hawaiian",50,57
"06041","Marin County, California","B02016_003","NHPI","Samoan",27,54
"06041","Marin County, California","B02016_004","NHPI","Tongan",10,21
"06041","Marin County, California","B02016_005","NHPI","Other Polynesian",12,21
"06041","Marin County, California","B02016_006","NHPI","Chamorro",32,45
"06041","Marin County, California","B02016_007","NHPI","Chuukese",0,31
"06041","Marin County, California","B02016_008","NHPI","Guamanian",0,31
"06041","Marin County, California","B02016_009","NHPI","Marshallese",14,24
"06041","Marin County, California","B02016_010","NHPI","Other Micronesian",0,31
"06041","Marin County, California","B02016_011","NHPI","Fijian",100,89
"06041","Marin County, California","B02016_012","NHPI","Other Melanesian",0,31
"06041","Marin County, California","B02016_013","NHPI","Other Native Hawaiian and Other Pacific Islander, not specified",185,98
"06041","Marin County, California","B02016_014","NHPI","Two or More NHPI",0,31
"06043","Mariposa County, California","B02016_001","NHPI","Total",62,78
"06043","Mariposa County, California","B02016_002","NHPI","Native Hawaiian",0,21
"06043","Mariposa County, California","B02016_003","NHPI","Samoan",0,21
"06043","Mariposa County, California","B02016_004","NHPI","Tongan",0,21
"06043","Mariposa County, California","B02016_005","NHPI","Other Polynesian",0,21
"06043","Mariposa County, California","B02016_006","NHPI","Chamorro",44,68
"06043","Mariposa County, California","B02016_007","NHPI","Chuukese",0,21
"06043","Mariposa County, California","B02016_008","NHPI","Guamanian",0,21
"06043","Mariposa County, California","B02016_009","NHPI","Marshallese",0,21
"06043","Mariposa County, California","B02016_010","NHPI","Other Micronesian",0,21
"06043","Mariposa County, California","B02016_011","NHPI","Fijian",0,21
"06043","Mariposa County, California","B02016_012","NHPI","Other Melanesian",0,21
"06043","Mariposa County, California","B02016_013","NHPI","Other Native Hawaiian and Other Pacific Islander, not specified",18,30
"06043","Mariposa County, California","B02016_014","NHPI","Two or More NHPI",0,21
"06045","Mendocino County, California","B02016_001","NHPI","Total",86,63
"06045","Mendocino County, California","B02016_002","NHPI","Native Hawaiian",55,42
"06045","Mendocino County, California","B02016_003","NHPI","Samoan",0,31
"06045","Mendocino County, California","B02016_004","NHPI","Tongan",0,31
"06045","Mendocino County, California","B02016_005","NHPI","Other Polynesian",0,31
"06045","Mendocino County, California","B02016_006","NHPI","Chamorro",0,31
"06045","Mendocino County, California","B02016_007","NHPI","Chuukese",0,31
"06045","Mendocino County, California","B02016_008","NHPI","Guamanian",0,31
"06045","Mendocino County, California","B02016_009","NHPI","Marshallese",0,31
"06045","Mendocino County, California","B02016_010","NHPI","Other Micronesian",13,25
"06045","Mendocino County, California","B02016_011","NHPI","Fijian",18,30
"06045","Mendocino County, California","B02016_012","NHPI","Other Melanesian",0,31
"06045","Mendocino County, California","B02016_013","NHPI","Other Native Hawaiian and Other Pacific Islander, not specified",0,31
"06045","Mendocino County, California","B02016_014","NHPI","Two or More NHPI",0,31
"06047","Merced County, California","B02016_001","NHPI","Total",796,89
"06047","Merced County, California","B02016_002","NHPI","Native Hawaiian",56,56
"06047","Merced County, California","B02016_003","NHPI","Samoan",66,84
"06047","Merced County, California","B02016_004","NHPI","Tongan",185,190
"06047","Merced County, California","B02016_005","NHPI","Other Polynesian",0,31
"06047","Merced County, California","B02016_006","NHPI","Chamorro",5,12
"06047","Merced County, California","B02016_007","NHPI","Chuukese",0,31
"06047","Merced County, California","B02016_008","NHPI","Guamanian",0,31
"06047","Merced County, California","B02016_009","NHPI","Marshallese",0,31
"06047","Merced County, California","B02016_010","NHPI","Other Micronesian",204,134
"06047","Merced County, California","B02016_011","NHPI","Fijian",19,23
"06047","Merced County, California","B02016_012","NHPI","Other Melanesian",0,31
"06047","Merced County, California","B02016_013","NHPI","Other Native Hawaiian and Other Pacific Islander, not specified",138,151
"06047","Merced County, California","B02016_014","NHPI","Two or More NHPI",123,136
"06049","Modoc County, California","B02016_001","NHPI","Total",0,19
"06049","Modoc County, California","B02016_002","NHPI","Native Hawaiian",0,19
"06049","Modoc County, California","B02016_003","NHPI","Samoan",0,19
"06049","Modoc County, California","B02016_004","NHPI","Tongan",0,19
"06049","Modoc County, California","B02016_005","NHPI","Other Polynesian",0,19
"06049","Modoc County, California","B02016_006","NHPI","Chamorro",0,19
"06049","Modoc County, California","B02016_007","NHPI","Chuukese",0,19
"06049","Modoc County, California","B02016_008","NHPI","Guamanian",0,19
"06049","Modoc County, California","B02016_009","NHPI","Marshallese",0,19
"06049","Modoc County, California","B02016_010","NHPI","Other Micronesian",0,19
"06049","Modoc County, California","B02016_011","NHPI","Fijian",0,19
"06049","Modoc County, California","B02016_012","NHPI","Other Melanesian",0,19
"06049","Modoc County, California","B02016_013","NHPI","Other Native Hawaiian and Other Pacific Islander, not specified",0,19
"06049","Modoc County, California","B02016_014","NHPI","Two or More NHPI",0,19
"06051","Mono County, California","B02016_001","NHPI","Total",0,21
"06051","Mono County, California","B02016_002","NHPI","Native Hawaiian",0,21
"06051","Mono County, California","B02016_003","NHPI","Samoan",0,21
"06051","Mono County, California","B02016_004","NHPI","Tongan",0,21
"06051","Mono County, California","B02016_005","NHPI","Other Polynesian",0,21
"06051","Mono County, California","B02016_006","NHPI","Chamorro",0,21
"06051","Mono County, California","B02016_007","NHPI","Chuukese",0,21
"06051","Mono County, California","B02016_008","NHPI","Guamanian",0,21
"06051","Mono County, California","B02016_009","NHPI","Marshallese",0,21
"06051","Mono County, California","B02016_010","NHPI","Other Micronesian",0,21
"06051","Mono County, California","B02016_011","NHPI","Fijian",0,21
"06051","Mono County, California","B02016_012","NHPI","Other Melanesian",0,21
"06051","Mono County, California","B02016_013","NHPI","Other Native Hawaiian and Other Pacific Islander, not specified",0,21
"06051","Mono County, California","B02016_014","NHPI","Two or More NHPI",0,21
"06053","Monterey County, California","B02016_001","NHPI","Total",2138,342
"06053","Monterey County, California","B02016_002","NHPI","Native Hawaiian",298,303
"06053","Monterey County, California","B02016_003","NHPI","Samoan",421,212
"06053","Monterey County, California","B02016_004","NHPI","Tongan",348,263
"06053","Monterey County, California","B02016_005","NHPI","Other Polynesian",52,61
"06053","Monterey County, California","B02016_006","NHPI","Chamorro",413,212
"06053","Monterey County, California","B02016_007","NHPI","Chuukese",0,31
"06053","Monterey County, California","B02016_008","NHPI","Guamanian",25,33
"06053","Monterey County, California","B02016_009","NHPI","Marshallese",0,31
"06053","Monterey County, California","B02016_010","NHPI","Other Micronesian",11,20
"06053","Monterey County, California","B02016_011","NHPI","Fijian",502,243
"06053","Monterey County, California","B02016_012","NHPI","Other Melanesian",0,31
"06053","Monterey County, California","B02016_013","NHPI","Other Native Hawaiian and Other Pacific Islander, not specified",19,20
"06053","Monterey County, California","B02016_014","NHPI","Two or More NHPI",49,55
"06055","Napa County, California","B02016_001","NHPI","Total",422,119
"06055","Napa County, California","B02016_002","NHPI","Native Hawaiian",46,40
"06055","Napa County, California","B02016_003","NHPI","Samoan",69,67
"06055","Napa County, California","B02016_004","NHPI","Tongan",5,9
"06055","Napa County, California","B02016_005","NHPI","Other Polynesian",0,31
"06055","Napa County, California","B02016_006","NHPI","Chamorro",56,74
"06055","Napa County, California","B02016_007","NHPI","Chuukese",0,31
"06055","Napa County, California","B02016_008","NHPI","Guamanian",153,162
"06055","Napa County, California","B02016_009","NHPI","Marshallese",0,31
"06055","Napa County, California","B02016_010","NHPI","Other Micronesian",7,13
"06055","Napa County, California","B02016_011","NHPI","Fijian",86,108
"06055","Napa County, California","B02016_012","NHPI","Other Melanesian",0,31
"06055","Napa County, California","B02016_013","NHPI","Other Native Hawaiian and Other Pacific Islander, not specified",0,31
"06055","Napa County, California","B02016_014","NHPI","Two or More NHPI",0,31
"06057","Nevada County, California","B02016_001","NHPI","Total",149,100
"06057","Nevada County, California","B02016_002","NHPI","Native Hawaiian",20,44
"06057","Nevada County, California","B02016_003","NHPI","Samoan",1,5
"06057","Nevada County, California","B02016_004","NHPI","Tongan",0,31
"06057","Nevada County, California","B02016_005","NHPI","Other Polynesian",0,31
"06057","Nevada County, California","B02016_006","NHPI","Chamorro",128,102
"06057","Nevada County, California","B02016_007","NHPI","Chuukese",0,31
"06057","Nevada County, California","B02016_008","NHPI","Guamanian",0,31
"06057","Nevada County, California","B02016_009","NHPI","Marshallese",0,31
"06057","Nevada County, California","B02016_010","NHPI","Other Micronesian",0,31
"06057","Nevada County, California","B02016_011","NHPI","Fijian",0,31
"06057","Nevada County, California","B02016_012","NHPI","Other Melanesian",0,31
"06057","Nevada County, California","B02016_013","NHPI","Other Native Hawaiian and Other Pacific Islander, not specified",0,31
"06057","Nevada County, California","B02016_014","NHPI","Two or More NHPI",0,31
"06059","Orange County, California","B02016_001","NHPI","Total",9847,723
"06059","Orange County, California","B02016_002","NHPI","Native Hawaiian",2064,455
"06059","Orange County, California","B02016_003","NHPI","Samoan",3482,701
"06059","Orange County, California","B02016_004","NHPI","Tongan",564,309
"06059","Orange County, California","B02016_005","NHPI","Other Polynesian",248,189
"06059","Orange County, California","B02016_006","NHPI","Chamorro",1223,363
"06059","Orange County, California","B02016_007","NHPI","Chuukese",0,31
"06059","Orange County, California","B02016_008","NHPI","Guamanian",146,135
"06059","Orange County, California","B02016_009","NHPI","Marshallese",57,63
"06059","Orange County, California","B02016_010","NHPI","Other Micronesian",73,82
"06059","Orange County, California","B02016_011","NHPI","Fijian",650,377
"06059","Orange County, California","B02016_012","NHPI","Other Melanesian",0,31
"06059","Orange County, California","B02016_013","NHPI","Other Native Hawaiian and Other Pacific Islander, not specified",1024,320
"06059","Orange County, California","B02016_014","NHPI","Two or More NHPI",316,263
"06061","Placer County, California","B02016_001","NHPI","Total",626,115
"06061","Placer County, California","B02016_002","NHPI","Native Hawaiian",116,75
"06061","Placer County, California","B02016_003","NHPI","Samoan",139,105
"06061","Placer County, California","B02016_004","NHPI","Tongan",28,41
"06061","Placer County, California","B02016_005","NHPI","Other Polynesian",21,36
"06061","Placer County, California","B02016_006","NHPI","Chamorro",66,51
"06061","Placer County, California","B02016_007","NHPI","Chuukese",0,31
"06061","Placer County, California","B02016_008","NHPI","Guamanian",9,14
"06061","Placer County, California","B02016_009","NHPI","Marshallese",0,31
"06061","Placer County, California","B02016_010","NHPI","Other Micronesian",0,31
"06061","Placer County, California","B02016_011","NHPI","Fijian",137,102
"06061","Placer County, California","B02016_012","NHPI","Other Melanesian",0,31
"06061","Placer County, California","B02016_013","NHPI","Other Native Hawaiian and Other Pacific Islander, not specified",110,85
"06061","Placer County, California","B02016_014","NHPI","Two or More NHPI",0,31
"06063","Plumas County, California","B02016_001","NHPI","Total",40,60
"06063","Plumas County, California","B02016_002","NHPI","Native Hawaiian",0,21
"06063","Plumas County, California","B02016_003","NHPI","Samoan",0,21
"06063","Plumas County, California","B02016_004","NHPI","Tongan",0,21
"06063","Plumas County, California","B02016_005","NHPI","Other Polynesian",0,21
"06063","Plumas County, California","B02016_006","NHPI","Chamorro",0,21
"06063","Plumas County, California","B02016_007","NHPI","Chuukese",0,21
"06063","Plumas County, California","B02016_008","NHPI","Guamanian",0,21
"06063","Plumas County, California","B02016_009","NHPI","Marshallese",0,21
"06063","Plumas County, California","B02016_010","NHPI","Other Micronesian",0,21
"06063","Plumas County, California","B02016_011","NHPI","Fijian",40,60
"06063","Plumas County, California","B02016_012","NHPI","Other Melanesian",0,21
"06063","Plumas County, California","B02016_013","NHPI","Other Native Hawaiian and Other Pacific Islander, not specified",0,21
"06063","Plumas County, California","B02016_014","NHPI","Two or More NHPI",0,21
"06065","Riverside County, California","B02016_001","NHPI","Total",8044,697
"06065","Riverside County, California","B02016_002","NHPI","Native Hawaiian",1317,366
"06065","Riverside County, California","B02016_003","NHPI","Samoan",2602,668
"06065","Riverside County, California","B02016_004","NHPI","Tongan",1226,536
"06065","Riverside County, California","B02016_005","NHPI","Other Polynesian",56,58
"06065","Riverside County, California","B02016_006","NHPI","Chamorro",1659,605
"06065","Riverside County, California","B02016_007","NHPI","Chuukese",0,31
"06065","Riverside County, California","B02016_008","NHPI","Guamanian",195,179
"06065","Riverside County, California","B02016_009","NHPI","Marshallese",16,25
"06065","Riverside County, California","B02016_010","NHPI","Other Micronesian",82,78
"06065","Riverside County, California","B02016_011","NHPI","Fijian",460,282
"06065","Riverside County, California","B02016_012","NHPI","Other Melanesian",0,31
"06065","Riverside County, California","B02016_013","NHPI","Other Native Hawaiian and Other Pacific Islander, not specified",318,160
"06065","Riverside County, California","B02016_014","NHPI","Two or More NHPI",113,80
"06067","Sacramento County, California","B02016_001","NHPI","Total",18052,792
"06067","Sacramento County, California","B02016_002","NHPI","Native Hawaiian",1025,296
"06067","Sacramento County, California","B02016_003","NHPI","Samoan",1515,448
"06067","Sacramento County, California","B02016_004","NHPI","Tongan",657,333
"06067","Sacramento County, California","B02016_005","NHPI","Other Polynesian",8,11
"06067","Sacramento County, California","B02016_006","NHPI","Chamorro",1221,455
"06067","Sacramento County, California","B02016_007","NHPI","Chuukese",0,31
"06067","Sacramento County, California","B02016_008","NHPI","Guamanian",299,204
"06067","Sacramento County, California","B02016_009","NHPI","Marshallese",1399,793
"06067","Sacramento County, California","B02016_010","NHPI","Other Micronesian",725,544
"06067","Sacramento County, California","B02016_011","NHPI","Fijian",9920,1034
"06067","Sacramento County, California","B02016_012","NHPI","Other Melanesian",0,31
"06067","Sacramento County, California","B02016_013","NHPI","Other Native Hawaiian and Other Pacific Islander, not specified",1176,426
"06067","Sacramento County, California","B02016_014","NHPI","Two or More NHPI",107,78
"06069","San Benito County, California","B02016_001","NHPI","Total",125,60
"06069","San Benito County, California","B02016_002","NHPI","Native Hawaiian",49,59
"06069","San Benito County, California","B02016_003","NHPI","Samoan",0,31
"06069","San Benito County, California","B02016_004","NHPI","Tongan",15,24
"06069","San Benito County, California","B02016_005","NHPI","Other Polynesian",0,31
"06069","San Benito County, California","B02016_006","NHPI","Chamorro",30,29
"06069","San Benito County, California","B02016_007","NHPI","Chuukese",0,31
"06069","San Benito County, California","B02016_008","NHPI","Guamanian",0,31
"06069","San Benito County, California","B02016_009","NHPI","Marshallese",0,31
"06069","San Benito County, California","B02016_010","NHPI","Other Micronesian",0,31
"06069","San Benito County, California","B02016_011","NHPI","Fijian",31,49
"06069","San Benito County, California","B02016_012","NHPI","Other Melanesian",0,31
"06069","San Benito County, California","B02016_013","NHPI","Other Native Hawaiian and Other Pacific Islander, not specified",0,31
"06069","San Benito County, California","B02016_014","NHPI","Two or More NHPI",0,31
"06071","San Bernardino County, California","B02016_001","NHPI","Total",7333,661
"06071","San Bernardino County, California","B02016_002","NHPI","Native Hawaiian",2158,620
"06071","San Bernardino County, California","B02016_003","NHPI","Samoan",2398,810
"06071","San Bernardino County, California","B02016_004","NHPI","Tongan",433,273
"06071","San Bernardino County, California","B02016_005","NHPI","Other Polynesian",34,43
"06071","San Bernardino County, California","B02016_006","NHPI","Chamorro",1176,477
"06071","San Bernardino County, California","B02016_007","NHPI","Chuukese",0,31
"06071","San Bernardino County, California","B02016_008","NHPI","Guamanian",79,78
"06071","San Bernardino County, California","B02016_009","NHPI","Marshallese",10,33
"06071","San Bernardino County, California","B02016_010","NHPI","Other Micronesian",6,13
"06071","San Bernardino County, California","B02016_011","NHPI","Fijian",625,423
"06071","San Bernardino County, California","B02016_012","NHPI","Other Melanesian",0,31
"06071","San Bernardino County, California","B02016_013","NHPI","Other Native Hawaiian and Other Pacific Islander, not specified",202,130
"06071","San Bernardino County, California","B02016_014","NHPI","Two or More NHPI",212,172
"06073","San Diego County, California","B02016_001","NHPI","Total",13721,935
"06073","San Diego County, California","B02016_002","NHPI","Native Hawaiian",3226,922
"06073","San Diego County, California","B02016_003","NHPI","Samoan",3266,685
"06073","San Diego County, California","B02016_004","NHPI","Tongan",444,240
"06073","San Diego County, California","B02016_005","NHPI","Other Polynesian",139,111
"06073","San Diego County, California","B02016_006","NHPI","Chamorro",4219,876
"06073","San Diego County, California","B02016_007","NHPI","Chuukese",33,55
"06073","San Diego County, California","B02016_008","NHPI","Guamanian",384,238
"06073","San Diego County, California","B02016_009","NHPI","Marshallese",236,288
"06073","San Diego County, California","B02016_010","NHPI","Other Micronesian",343,293
"06073","San Diego County, California","B02016_011","NHPI","Fijian",227,131
"06073","San Diego County, California","B02016_012","NHPI","Other Melanesian",21,36
"06073","San Diego County, California","B02016_013","NHPI","Other Native Hawaiian and Other Pacific Islander, not specified",865,346
"06073","San Diego County, California","B02016_014","NHPI","Two or More NHPI",318,299
"06075","San Francisco County, California","B02016_001","NHPI","Total",3312,334
"06075","San Francisco County, California","B02016_002","NHPI","Native Hawaiian",351,180
"06075","San Francisco County, California","B02016_003","NHPI","Samoan",1490,410
"06075","San Francisco County, California","B02016_004","NHPI","Tongan",229,148
"06075","San Francisco County, California","B02016_005","NHPI","Other Polynesian",0,31
"06075","San Francisco County, California","B02016_006","NHPI","Chamorro",310,151
"06075","San Francisco County, California","B02016_007","NHPI","Chuukese",0,31
"06075","San Francisco County, California","B02016_008","NHPI","Guamanian",32,50
"06075","San Francisco County, California","B02016_009","NHPI","Marshallese",7,14
"06075","San Francisco County, California","B02016_010","NHPI","Other Micronesian",67,89
"06075","San Francisco County, California","B02016_011","NHPI","Fijian",142,119
"06075","San Francisco County, California","B02016_012","NHPI","Other Melanesian",0,31
"06075","San Francisco County, California","B02016_013","NHPI","Other Native Hawaiian and Other Pacific Islander, not specified",569,234
"06075","San Francisco County, California","B02016_014","NHPI","Two or More NHPI",115,96
"06077","San Joaquin County, California","B02016_001","NHPI","Total",4778,466
"06077","San Joaquin County, California","B02016_002","NHPI","Native Hawaiian",579,274
"06077","San Joaquin County, California","B02016_003","NHPI","Samoan",1368,493
"06077","San Joaquin County, California","B02016_004","NHPI","Tongan",439,278
"06077","San Joaquin County, California","B02016_005","NHPI","Other Polynesian",16,20
"06077","San Joaquin County, California","B02016_006","NHPI","Chamorro",536,334
"06077","San Joaquin County, California","B02016_007","NHPI","Chuukese",0,31
"06077","San Joaquin County, California","B02016_008","NHPI","Guamanian",44,44
"06077","San Joaquin County, California","B02016_009","NHPI","Marshallese",0,31
"06077","San Joaquin County, California","B02016_010","NHPI","Other Micronesian",21,41
"06077","San Joaquin County, California","B02016_011","NHPI","Fijian",1623,553
"06077","San Joaquin County, California","B02016_012","NHPI","Other Melanesian",0,31
"06077","San Joaquin County, California","B02016_013","NHPI","Other Native Hawaiian and Other Pacific Islander, not specified",42,41
"06077","San Joaquin County, California","B02016_014","NHPI","Two or More NHPI",110,130
"06079","San Luis Obispo County, California","B02016_001","NHPI","Total",431,117
"06079","San Luis Obispo County, California","B02016_002","NHPI","Native Hawaiian",76,47
"06079","San Luis Obispo County, California","B02016_003","NHPI","Samoan",217,143
"06079","San Luis Obispo County, California","B02016_004","NHPI","Tongan",9,15
"06079","San Luis Obispo County, California","B02016_005","NHPI","Other Polynesian",0,31
"06079","San Luis Obispo County, California","B02016_006","NHPI","Chamorro",58,59
"06079","San Luis Obispo County, California","B02016_007","NHPI","Chuukese",0,31
"06079","San Luis Obispo County, California","B02016_008","NHPI","Guamanian",0,31
"06079","San Luis Obispo County, California","B02016_009","NHPI","Marshallese",0,31
"06079","San Luis Obispo County, California","B02016_010","NHPI","Other Micronesian",12,23
"06079","San Luis Obispo County, California","B02016_011","NHPI","Fijian",0,31
"06079","San Luis Obispo County, California","B02016_012","NHPI","Other Melanesian",0,31
"06079","San Luis Obispo County, California","B02016_013","NHPI","Other Native Hawaiian and Other Pacific Islander, not specified",59,52
"06079","San Luis Obispo County, California","B02016_014","NHPI","Two or More NHPI",0,31
"06081","San Mateo County, California","B02016_001","NHPI","Total",9180,585
"06081","San Mateo County, California","B02016_002","NHPI","Native Hawaiian",554,232
"06081","San Mateo County, California","B02016_003","NHPI","Samoan",2134,741
"06081","San Mateo County, California","B02016_004","NHPI","Tongan",4168,845
"06081","San Mateo County, California","B02016_005","NHPI","Other Polynesian",18,32
"06081","San Mateo County, California","B02016_006","NHPI","Chamorro",298,134
"06081","San Mateo County, California","B02016_007","NHPI","Chuukese",0,31
"06081","San Mateo County, California","B02016_008","NHPI","Guamanian",0,31
"06081","San Mateo County, California","B02016_009","NHPI","Marshallese",0,31
"06081","San Mateo County, California","B02016_010","NHPI","Other Micronesian",40,50
"06081","San Mateo County, California","B02016_011","NHPI","Fijian",1397,528
"06081","San Mateo County, California","B02016_012","NHPI","Other Melanesian",0,31
"06081","San Mateo County, California","B02016_013","NHPI","Other Native Hawaiian and Other Pacific Islander, not specified",114,59
"06081","San Mateo County, California","B02016_014","NHPI","Two or More NHPI",457,219
"06083","Santa Barbara County, California","B02016_001","NHPI","Total",562,192
"06083","Santa Barbara County, California","B02016_002","NHPI","Native Hawaiian",233,118
"06083","Santa Barbara County, California","B02016_003","NHPI","Samoan",47,48
"06083","Santa Barbara County, California","B02016_004","NHPI","Tongan",34,41
"06083","Santa Barbara County, California","B02016_005","NHPI","Other Polynesian",0,31
"06083","Santa Barbara County, California","B02016_006","NHPI","Chamorro",77,86
"06083","Santa Barbara County, California","B02016_007","NHPI","Chuukese",0,31
"06083","Santa Barbara County, California","B02016_008","NHPI","Guamanian",0,31
"06083","Santa Barbara County, California","B02016_009","NHPI","Marshallese",0,31
"06083","Santa Barbara County, California","B02016_010","NHPI","Other Micronesian",0,31
"06083","Santa Barbara County, California","B02016_011","NHPI","Fijian",0,31
"06083","Santa Barbara County, California","B02016_012","NHPI","Other Melanesian",0,31
"06083","Santa Barbara County, California","B02016_013","NHPI","Other Native Hawaiian and Other Pacific Islander, not specified",100,112
"06083","Santa Barbara County, California","B02016_014","NHPI","Two or More NHPI",71,78
"06085","Santa Clara County, California","B02016_001","NHPI","Total",6993,714
"06085","Santa Clara County, California","B02016_002","NHPI","Native Hawaiian",772,239
"06085","Santa Clara County, California","B02016_003","NHPI","Samoan",1428,732
"06085","Santa Clara County, California","B02016_004","NHPI","Tongan",967,549
"06085","Santa Clara County, California","B02016_005","NHPI","Other Polynesian",46,53
"06085","Santa Clara County, California","B02016_006","NHPI","Chamorro",1080,452
"06085","Santa Clara County, California","B02016_007","NHPI","Chuukese",0,31
"06085","Santa Clara County, California","B02016_008","NHPI","Guamanian",98,89
"06085","Santa Clara County, California","B02016_009","NHPI","Marshallese",4,11
"06085","Santa Clara County, California","B02016_010","NHPI","Other Micronesian",291,231
"06085","Santa Clara County, California","B02016_011","NHPI","Fijian",1510,781
"06085","Santa Clara County, California","B02016_012","NHPI","Other Melanesian",0,31
"06085","Santa Clara County, California","B02016_013","NHPI","Other Native Hawaiian and Other Pacific Islander, not specified",728,408
"06085","Santa Clara County, California","B02016_014","NHPI","Two or More NHPI",69,61
"06087","Santa Cruz County, California","B02016_001","NHPI","Total",595,156
"06087","Santa Cruz County, California","B02016_002","NHPI","Native Hawaiian",294,163
"06087","Santa Cruz County, California","B02016_003","NHPI","Samoan",31,45
"06087","Santa Cruz County, California","B02016_004","NHPI","Tongan",116,147
"06087","Santa Cruz County, California","B02016_005","NHPI","Other Polynesian",0,31
"06087","Santa Cruz County, California","B02016_006","NHPI","Chamorro",23,33
"06087","Santa Cruz County, California","B02016_007","NHPI","Chuukese",0,31
"06087","Santa Cruz County, California","B02016_008","NHPI","Guamanian",0,31
"06087","Santa Cruz County, California","B02016_009","NHPI","Marshallese",0,31
"06087","Santa Cruz County, California","B02016_010","NHPI","Other Micronesian",0,31
"06087","Santa Cruz County, California","B02016_011","NHPI","Fijian",0,31
"06087","Santa Cruz County, California","B02016_012","NHPI","Other Melanesian",0,31
"06087","Santa Cruz County, California","B02016_013","NHPI","Other Native Hawaiian and Other Pacific Islander, not specified",131,113
"06087","Santa Cruz County, California","B02016_014","NHPI","Two or More NHPI",0,31
"06089","Shasta County, California","B02016_001","NHPI","Total",268,112
"06089","Shasta County, California","B02016_002","NHPI","Native Hawaiian",48,43
"06089","Shasta County, California","B02016_003","NHPI","Samoan",21,30
"06089","Shasta County, California","B02016_004","NHPI","Tongan",0,31
"06089","Shasta County, California","B02016_005","NHPI","Other Polynesian",0,31
"06089","Shasta County, California","B02016_006","NHPI","Chamorro",146,87
"06089","Shasta County, California","B02016_007","NHPI","Chuukese",41,70
"06089","Shasta County, California","B02016_008","NHPI","Guamanian",12,21
"06089","Shasta County, California","B02016_009","NHPI","Marshallese",0,31
"06089","Shasta County, California","B02016_010","NHPI","Other Micronesian",0,31
"06089","Shasta County, California","B02016_011","NHPI","Fijian",0,31
"06089","Shasta County, California","B02016_012","NHPI","Other Melanesian",0,31
"06089","Shasta County, California","B02016_013","NHPI","Other Native Hawaiian and Other Pacific Islander, not specified",0,31
"06089","Shasta County, California","B02016_014","NHPI","Two or More NHPI",0,31
"06091","Sierra County, California","B02016_001","NHPI","Total",0,13
"06091","Sierra County, California","B02016_002","NHPI","Native Hawaiian",0,13
"06091","Sierra County, California","B02016_003","NHPI","Samoan",0,13
"06091","Sierra County, California","B02016_004","NHPI","Tongan",0,13
"06091","Sierra County, California","B02016_005","NHPI","Other Polynesian",0,13
"06091","Sierra County, California","B02016_006","NHPI","Chamorro",0,13
"06091","Sierra County, California","B02016_007","NHPI","Chuukese",0,13
"06091","Sierra County, California","B02016_008","NHPI","Guamanian",0,13
"06091","Sierra County, California","B02016_009","NHPI","Marshallese",0,13
"06091","Sierra County, California","B02016_010","NHPI","Other Micronesian",0,13
"06091","Sierra County, California","B02016_011","NHPI","Fijian",0,13
"06091","Sierra County, California","B02016_012","NHPI","Other Melanesian",0,13
"06091","Sierra County, California","B02016_013","NHPI","Other Native Hawaiian and Other Pacific Islander, not specified",0,13
"06091","Sierra County, California","B02016_014","NHPI","Two or More NHPI",0,13
"06093","Siskiyou County, California","B02016_001","NHPI","Total",188,35
"06093","Siskiyou County, California","B02016_002","NHPI","Native Hawaiian",6,15
"06093","Siskiyou County, California","B02016_003","NHPI","Samoan",163,64
"06093","Siskiyou County, California","B02016_004","NHPI","Tongan",0,28
"06093","Siskiyou County, California","B02016_005","NHPI","Other Polynesian",0,28
"06093","Siskiyou County, California","B02016_006","NHPI","Chamorro",0,28
"06093","Siskiyou County, California","B02016_007","NHPI","Chuukese",0,28
"06093","Siskiyou County, California","B02016_008","NHPI","Guamanian",0,28
"06093","Siskiyou County, California","B02016_009","NHPI","Marshallese",0,28
"06093","Siskiyou County, California","B02016_010","NHPI","Other Micronesian",0,28
"06093","Siskiyou County, California","B02016_011","NHPI","Fijian",0,28
"06093","Siskiyou County, California","B02016_012","NHPI","Other Melanesian",0,28
"06093","Siskiyou County, California","B02016_013","NHPI","Other Native Hawaiian and Other Pacific Islander, not specified",11,15
"06093","Siskiyou County, California","B02016_014","NHPI","Two or More NHPI",8,20
"06095","Solano County, California","B02016_001","NHPI","Total",4529,588
"06095","Solano County, California","B02016_002","NHPI","Native Hawaiian",422,233
"06095","Solano County, California","B02016_003","NHPI","Samoan",1299,530
"06095","Solano County, California","B02016_004","NHPI","Tongan",65,70
"06095","Solano County, California","B02016_005","NHPI","Other Polynesian",0,31
"06095","Solano County, California","B02016_006","NHPI","Chamorro",1534,504
"06095","Solano County, California","B02016_007","NHPI","Chuukese",0,31
"06095","Solano County, California","B02016_008","NHPI","Guamanian",19,32
"06095","Solano County, California","B02016_009","NHPI","Marshallese",0,31
"06095","Solano County, California","B02016_010","NHPI","Other Micronesian",138,169
"06095","Solano County, California","B02016_011","NHPI","Fijian",577,251
"06095","Solano County, California","B02016_012","NHPI","Other Melanesian",0,31
"06095","Solano County, California","B02016_013","NHPI","Other Native Hawaiian and Other Pacific Islander, not specified",219,121
"06095","Solano County, California","B02016_014","NHPI","Two or More NHPI",256,164
"06097","Sonoma County, California","B02016_001","NHPI","Total",1605,323
"06097","Sonoma County, California","B02016_002","NHPI","Native Hawaiian",228,100
"06097","Sonoma County, California","B02016_003","NHPI","Samoan",139,91
"06097","Sonoma County, California","B02016_004","NHPI","Tongan",15,23
"06097","Sonoma County, California","B02016_005","NHPI","Other Polynesian",6,9
"06097","Sonoma County, California","B02016_006","NHPI","Chamorro",227,195
"06097","Sonoma County, California","B02016_007","NHPI","Chuukese",0,31
"06097","Sonoma County, California","B02016_008","NHPI","Guamanian",21,45
"06097","Sonoma County, California","B02016_009","NHPI","Marshallese",0,31
"06097","Sonoma County, California","B02016_010","NHPI","Other Micronesian",0,31
"06097","Sonoma County, California","B02016_011","NHPI","Fijian",947,285
"06097","Sonoma County, California","B02016_012","NHPI","Other Melanesian",0,31
"06097","Sonoma County, California","B02016_013","NHPI","Other Native Hawaiian and Other Pacific Islander, not specified",22,26
"06097","Sonoma County, California","B02016_014","NHPI","Two or More NHPI",0,31
"06099","Stanislaus County, California","B02016_001","NHPI","Total",3326,529
"06099","Stanislaus County, California","B02016_002","NHPI","Native Hawaiian",352,208
"06099","Stanislaus County, California","B02016_003","NHPI","Samoan",571,251
"06099","Stanislaus County, California","B02016_004","NHPI","Tongan",186,256
"06099","Stanislaus County, California","B02016_005","NHPI","Other Polynesian",25,38
"06099","Stanislaus County, California","B02016_006","NHPI","Chamorro",224,231
"06099","Stanislaus County, California","B02016_007","NHPI","Chuukese",0,31
"06099","Stanislaus County, California","B02016_008","NHPI","Guamanian",10,19
"06099","Stanislaus County, California","B02016_009","NHPI","Marshallese",0,31
"06099","Stanislaus County, California","B02016_010","NHPI","Other Micronesian",75,117
"06099","Stanislaus County, California","B02016_011","NHPI","Fijian",1624,501
"06099","Stanislaus County, California","B02016_012","NHPI","Other Melanesian",0,31
"06099","Stanislaus County, California","B02016_013","NHPI","Other Native Hawaiian and Other Pacific Islander, not specified",194,181
"06099","Stanislaus County, California","B02016_014","NHPI","Two or More NHPI",65,83
"06101","Sutter County, California","B02016_001","NHPI","Total",362,36
"06101","Sutter County, California","B02016_002","NHPI","Native Hawaiian",24,22
"06101","Sutter County, California","B02016_003","NHPI","Samoan",204,100
"06101","Sutter County, California","B02016_004","NHPI","Tongan",8,13
"06101","Sutter County, California","B02016_005","NHPI","Other Polynesian",0,31
"06101","Sutter County, California","B02016_006","NHPI","Chamorro",70,83
"06101","Sutter County, California","B02016_007","NHPI","Chuukese",0,31
"06101","Sutter County, California","B02016_008","NHPI","Guamanian",6,10
"06101","Sutter County, California","B02016_009","NHPI","Marshallese",0,31
"06101","Sutter County, California","B02016_010","NHPI","Other Micronesian",0,31
"06101","Sutter County, California","B02016_011","NHPI","Fijian",15,25
"06101","Sutter County, California","B02016_012","NHPI","Other Melanesian",0,31
"06101","Sutter County, California","B02016_013","NHPI","Other Native Hawaiian and Other Pacific Islander, not specified",0,31
"06101","Sutter County, California","B02016_014","NHPI","Two or More NHPI",35,45
"06103","Tehama County, California","B02016_001","NHPI","Total",28,30
"06103","Tehama County, California","B02016_002","NHPI","Native Hawaiian",0,31
"06103","Tehama County, California","B02016_003","NHPI","Samoan",10,16
"06103","Tehama County, California","B02016_004","NHPI","Tongan",18,26
"06103","Tehama County, California","B02016_005","NHPI","Other Polynesian",0,31
"06103","Tehama County, California","B02016_006","NHPI","Chamorro",0,31
"06103","Tehama County, California","B02016_007","NHPI","Chuukese",0,31
"06103","Tehama County, California","B02016_008","NHPI","Guamanian",0,31
"06103","Tehama County, California","B02016_009","NHPI","Marshallese",0,31
"06103","Tehama County, California","B02016_010","NHPI","Other Micronesian",0,31
"06103","Tehama County, California","B02016_011","NHPI","Fijian",0,31
"06103","Tehama County, California","B02016_012","NHPI","Other Melanesian",0,31
"06103","Tehama County, California","B02016_013","NHPI","Other Native Hawaiian and Other Pacific Islander, not specified",0,31
"06103","Tehama County, California","B02016_014","NHPI","Two or More NHPI",0,31
"06105","Trinity County, California","B02016_001","NHPI","Total",54,65
"06105","Trinity County, California","B02016_002","NHPI","Native Hawaiian",54,65
"06105","Trinity County, California","B02016_003","NHPI","Samoan",0,21
"06105","Trinity County, California","B02016_004","NHPI","Tongan",0,21
"06105","Trinity County, California","B02016_005","NHPI","Other Polynesian",0,21
"06105","Trinity County, California","B02016_006","NHPI","Chamorro",0,21
"06105","Trinity County, California","B02016_007","NHPI","Chuukese",0,21
"06105","Trinity County, California","B02016_008","NHPI","Guamanian",0,21
"06105","Trinity County, California","B02016_009","NHPI","Marshallese",0,21
"06105","Trinity County, California","B02016_010","NHPI","Other Micronesian",0,21
"06105","Trinity County, California","B02016_011","NHPI","Fijian",0,21
"06105","Trinity County, California","B02016_012","NHPI","Other Melanesian",0,21
"06105","Trinity County, California","B02016_013","NHPI","Other Native Hawaiian and Other Pacific Islander, not specified",0,21
"06105","Trinity County, California","B02016_014","NHPI","Two or More NHPI",0,21
"06107","Tulare County, California","B02016_001","NHPI","Total",718,234
"06107","Tulare County, California","B02016_002","NHPI","Native Hawaiian",275,242
"06107","Tulare County, California","B02016_003","NHPI","Samoan",72,52
"06107","Tulare County, California","B02016_004","NHPI","Tongan",0,31
"06107","Tulare County, California","B02016_005","NHPI","Other Polynesian",8,18
"06107","Tulare County, California","B02016_006","NHPI","Chamorro",177,110
"06107","Tulare County, California","B02016_007","NHPI","Chuukese",0,31
"06107","Tulare County, California","B02016_008","NHPI","Guamanian",1,3
"06107","Tulare County, California","B02016_009","NHPI","Marshallese",0,31
"06107","Tulare County, California","B02016_010","NHPI","Other Micronesian",0,31
"06107","Tulare County, California","B02016_011","NHPI","Fijian",2,3
"06107","Tulare County, California","B02016_012","NHPI","Other Melanesian",0,31
"06107","Tulare County, California","B02016_013","NHPI","Other Native Hawaiian and Other Pacific Islander, not specified",183,131
"06107","Tulare County, California","B02016_014","NHPI","Two or More NHPI",0,31
"06109","Tuolumne County, California","B02016_001","NHPI","Total",286,175
"06109","Tuolumne County, California","B02016_002","NHPI","Native Hawaiian",161,180
"06109","Tuolumne County, California","B02016_003","NHPI","Samoan",19,26
"06109","Tuolumne County, California","B02016_004","NHPI","Tongan",29,34
"06109","Tuolumne County, California","B02016_005","NHPI","Other Polynesian",0,31
"06109","Tuolumne County, California","B02016_006","NHPI","Chamorro",11,19
"06109","Tuolumne County, California","B02016_007","NHPI","Chuukese",0,31
"06109","Tuolumne County, California","B02016_008","NHPI","Guamanian",0,31
"06109","Tuolumne County, California","B02016_009","NHPI","Marshallese",0,31
"06109","Tuolumne County, California","B02016_010","NHPI","Other Micronesian",0,31
"06109","Tuolumne County, California","B02016_011","NHPI","Fijian",3,6
"06109","Tuolumne County, California","B02016_012","NHPI","Other Melanesian",0,31
"06109","Tuolumne County, California","B02016_013","NHPI","Other Native Hawaiian and Other Pacific Islander, not specified",11,13
"06109","Tuolumne County, California","B02016_014","NHPI","Two or More NHPI",52,48
"06111","Ventura County, California","B02016_001","NHPI","Total",1760,321
"06111","Ventura County, California","B02016_002","NHPI","Native Hawaiian",489,311
"06111","Ventura County, California","B02016_003","NHPI","Samoan",379,175
"06111","Ventura County, California","B02016_004","NHPI","Tongan",155,116
"06111","Ventura County, California","B02016_005","NHPI","Other Polynesian",7,15
"06111","Ventura County, California","B02016_006","NHPI","Chamorro",281,166
"06111","Ventura County, California","B02016_007","NHPI","Chuukese",0,31
"06111","Ventura County, California","B02016_008","NHPI","Guamanian",27,42
"06111","Ventura County, California","B02016_009","NHPI","Marshallese",0,31
"06111","Ventura County, California","B02016_010","NHPI","Other Micronesian",107,132
"06111","Ventura County, California","B02016_011","NHPI","Fijian",152,97
"06111","Ventura County, California","B02016_012","NHPI","Other Melanesian",0,31
"06111","Ventura County, California","B02016_013","NHPI","Other Native Hawaiian and Other Pacific Islander, not specified",122,103
"06111","Ventura County, California","B02016_014","NHPI","Two or More NHPI",41,48
"06113","Yolo County, California","B02016_001","NHPI","Total",953,168
"06113","Yolo County, California","B02016_002","NHPI","Native Hawaiian",54,60
"06113","Yolo County, California","B02016_003","NHPI","Samoan",124,88
"06113","Yolo County, California","B02016_004","NHPI","Tongan",60,91
"06113","Yolo County, California","B02016_005","NHPI","Other Polynesian",0,31
"06113","Yolo County, California","B02016_006","NHPI","Chamorro",71,56
"06113","Yolo County, California","B02016_007","NHPI","Chuukese",0,31
"06113","Yolo County, California","B02016_008","NHPI","Guamanian",0,31
"06113","Yolo County, California","B02016_009","NHPI","Marshallese",0,31
"06113","Yolo County, California","B02016_010","NHPI","Other Micronesian",0,31
"06113","Yolo County, California","B02016_011","NHPI","Fijian",476,228
"06113","Yolo County, California","B02016_012","NHPI","Other Melanesian",0,31
"06113","Yolo County, California","B02016_013","NHPI","Other Native Hawaiian and Other Pacific Islander, not specified",78,118
"06113","Yolo County, California","B02016_014","NHPI","Two or More NHPI",90,98
"06115","Yuba County, California","B02016_001","NHPI","Total",417,148
"06115","Yuba County, California","B02016_002","NHPI","Native Hawaiian",59,44
"06115","Yuba County, California","B02016_003","NHPI","Samoan",19,28
"06115","Yuba County, California","B02016_004","NHPI","Tongan",86,132
"06115","Yuba County, California","B02016_005","NHPI","Other Polynesian",0,31
"06115","Yuba County, California","B02016_006","NHPI","Chamorro",197,119
"06115","Yuba County, California","B02016_007","NHPI","Chuukese",0,31
"06115","Yuba County, California","B02016_008","NHPI","Guamanian",0,31
"06115","Yuba County, California","B02016_009","NHPI","Marshallese",0,31
"06115","Yuba County, California","B02016_010","NHPI","Other Micronesian",0,31
"06115","Yuba County, California","B02016_011","NHPI","Fijian",48,58
"06115","Yuba County, California","B02016_012","NHPI","Other Melanesian",0,31
"06115","Yuba County, California","B02016_013","NHPI","Other Native Hawaiian and Other Pacific Islander, not specified",0,31
"06115","Yuba County, California","B02016_014","NHPI","Two or More NHPI",8,17
"06001","Alameda County, California","B03001_001","Total","Total",1663823,NA
"06001","Alameda County, California","B03001_002","Not Hispanic","Not Hispanic or Latino",1294220,NA
"06001","Alameda County, California","B03001_004","Latino","Mexican",262023,3679
"06001","Alameda County, California","B03001_005","Latino","Puerto Rican",12474,1358
"06001","Alameda County, California","B03001_006","Latino","Cuban",3539,573
"06001","Alameda County, California","B03001_007","Latino","Dominican (Dominican Republic)",938,274
"06001","Alameda County, California","B03001_009","Latino","Costa Rican",701,263
"06001","Alameda County, California","B03001_010","Latino","Guatemalan",18312,2062
"06001","Alameda County, California","B03001_011","Latino","Honduran",3773,687
"06001","Alameda County, California","B03001_012","Latino","Nicaraguan",6343,797
"06001","Alameda County, California","B03001_013","Latino","Panamanian",1048,341
"06001","Alameda County, California","B03001_014","Latino","Salvadoran",21558,2007
"06001","Alameda County, California","B03001_015","Latino","Other Central American",197,132
"06001","Alameda County, California","B03001_017","Latino","Argentinean",2323,494
"06001","Alameda County, California","B03001_018","Latino","Bolivian",453,182
"06001","Alameda County, California","B03001_019","Latino","Chilean",1946,500
"06001","Alameda County, California","B03001_020","Latino","Colombian",4294,816
"06001","Alameda County, California","B03001_021","Latino","Ecuadorian",700,287
"06001","Alameda County, California","B03001_022","Latino","Paraguayan",2,5
"06001","Alameda County, California","B03001_023","Latino","Peruvian",5153,1029
"06001","Alameda County, California","B03001_024","Latino","Uruguayan",415,248
"06001","Alameda County, California","B03001_025","Latino","Venezuelan",851,320
"06001","Alameda County, California","B03001_026","Latino","Other South American",225,158
"06001","Alameda County, California","B03001_028","Latino","Spaniard",7132,973
"06001","Alameda County, California","B03001_029","Latino","Spanish",6301,897
"06001","Alameda County, California","B03001_030","Latino","Spanish American",290,266
"06001","Alameda County, California","B03001_031","Latino","All other Hispanic or Latino",8612,1221
"06003","Alpine County, California","B03001_001","Total","Total",1515,206
"06003","Alpine County, California","B03001_002","Not Hispanic","Not Hispanic or Latino",1302,174
"06003","Alpine County, California","B03001_004","Latino","Mexican",135,92
"06003","Alpine County, California","B03001_005","Latino","Puerto Rican",0,13
"06003","Alpine County, California","B03001_006","Latino","Cuban",0,13
"06003","Alpine County, California","B03001_007","Latino","Dominican (Dominican Republic)",0,13
"06003","Alpine County, California","B03001_009","Latino","Costa Rican",0,13
"06003","Alpine County, California","B03001_010","Latino","Guatemalan",10,17
"06003","Alpine County, California","B03001_011","Latino","Honduran",0,13
"06003","Alpine County, California","B03001_012","Latino","Nicaraguan",0,13
"06003","Alpine County, California","B03001_013","Latino","Panamanian",0,13
"06003","Alpine County, California","B03001_014","Latino","Salvadoran",0,13
"06003","Alpine County, California","B03001_015","Latino","Other Central American",0,13
"06003","Alpine County, California","B03001_017","Latino","Argentinean",10,19
"06003","Alpine County, California","B03001_018","Latino","Bolivian",0,13
"06003","Alpine County, California","B03001_019","Latino","Chilean",0,13
"06003","Alpine County, California","B03001_020","Latino","Colombian",37,48
"06003","Alpine County, California","B03001_021","Latino","Ecuadorian",0,13
"06003","Alpine County, California","B03001_022","Latino","Paraguayan",0,13
"06003","Alpine County, California","B03001_023","Latino","Peruvian",0,13
"06003","Alpine County, California","B03001_024","Latino","Uruguayan",0,13
"06003","Alpine County, California","B03001_025","Latino","Venezuelan",0,13
"06003","Alpine County, California","B03001_026","Latino","Other South American",0,13
"06003","Alpine County, California","B03001_028","Latino","Spaniard",8,13
"06003","Alpine County, California","B03001_029","Latino","Spanish",8,12
"06003","Alpine County, California","B03001_030","Latino","Spanish American",0,13
"06003","Alpine County, California","B03001_031","Latino","All other Hispanic or Latino",5,7
"06005","Amador County, California","B03001_001","Total","Total",40577,NA
"06005","Amador County, California","B03001_002","Not Hispanic","Not Hispanic or Latino",34437,NA
"06005","Amador County, California","B03001_004","Latino","Mexican",4117,435
"06005","Amador County, California","B03001_005","Latino","Puerto Rican",146,80
"06005","Amador County, California","B03001_006","Latino","Cuban",135,168
"06005","Amador County, California","B03001_007","Latino","Dominican (Dominican Republic)",10,16
"06005","Amador County, California","B03001_009","Latino","Costa Rican",0,28
"06005","Amador County, California","B03001_010","Latino","Guatemalan",28,29
"06005","Amador County, California","B03001_011","Latino","Honduran",16,34
"06005","Amador County, California","B03001_012","Latino","Nicaraguan",11,12
"06005","Amador County, California","B03001_013","Latino","Panamanian",0,28
"06005","Amador County, California","B03001_014","Latino","Salvadoran",21,25
"06005","Amador County, California","B03001_015","Latino","Other Central American",0,28
"06005","Amador County, California","B03001_017","Latino","Argentinean",15,87
"06005","Amador County, California","B03001_018","Latino","Bolivian",0,28
"06005","Amador County, California","B03001_019","Latino","Chilean",0,28
"06005","Amador County, California","B03001_020","Latino","Colombian",18,29
"06005","Amador County, California","B03001_021","Latino","Ecuadorian",0,28
"06005","Amador County, California","B03001_022","Latino","Paraguayan",0,28
"06005","Amador County, California","B03001_023","Latino","Peruvian",129,101
"06005","Amador County, California","B03001_024","Latino","Uruguayan",0,28
"06005","Amador County, California","B03001_025","Latino","Venezuelan",97,103
"06005","Amador County, California","B03001_026","Latino","Other South American",0,28
"06005","Amador County, California","B03001_028","Latino","Spaniard",674,302
"06005","Amador County, California","B03001_029","Latino","Spanish",431,360
"06005","Amador County, California","B03001_030","Latino","Spanish American",0,28
"06005","Amador County, California","B03001_031","Latino","All other Hispanic or Latino",292,125
"06007","Butte County, California","B03001_001","Total","Total",213605,NA
"06007","Butte County, California","B03001_002","Not Hispanic","Not Hispanic or Latino",175244,NA
"06007","Butte County, California","B03001_004","Latino","Mexican",32113,876
"06007","Butte County, California","B03001_005","Latino","Puerto Rican",839,265
"06007","Butte County, California","B03001_006","Latino","Cuban",327,224
"06007","Butte County, California","B03001_007","Latino","Dominican (Dominican Republic)",66,59
"06007","Butte County, California","B03001_009","Latino","Costa Rican",32,30
"06007","Butte County, California","B03001_010","Latino","Guatemalan",186,117
"06007","Butte County, California","B03001_011","Latino","Honduran",64,56
"06007","Butte County, California","B03001_012","Latino","Nicaraguan",111,69
"06007","Butte County, California","B03001_013","Latino","Panamanian",41,67
"06007","Butte County, California","B03001_014","Latino","Salvadoran",636,296
"06007","Butte County, California","B03001_015","Latino","Other Central American",0,31
"06007","Butte County, California","B03001_017","Latino","Argentinean",66,75
"06007","Butte County, California","B03001_018","Latino","Bolivian",0,31
"06007","Butte County, California","B03001_019","Latino","Chilean",81,71
"06007","Butte County, California","B03001_020","Latino","Colombian",106,94
"06007","Butte County, California","B03001_021","Latino","Ecuadorian",40,29
"06007","Butte County, California","B03001_022","Latino","Paraguayan",0,31
"06007","Butte County, California","B03001_023","Latino","Peruvian",304,174
"06007","Butte County, California","B03001_024","Latino","Uruguayan",0,31
"06007","Butte County, California","B03001_025","Latino","Venezuelan",12,21
"06007","Butte County, California","B03001_026","Latino","Other South American",0,31
"06007","Butte County, California","B03001_028","Latino","Spaniard",1174,347
"06007","Butte County, California","B03001_029","Latino","Spanish",1209,355
"06007","Butte County, California","B03001_030","Latino","Spanish American",29,34
"06007","Butte County, California","B03001_031","Latino","All other Hispanic or Latino",925,527
"06009","Calaveras County, California","B03001_001","Total","Total",45674,NA
"06009","Calaveras County, California","B03001_002","Not Hispanic","Not Hispanic or Latino",39477,NA
"06009","Calaveras County, California","B03001_004","Latino","Mexican",4539,518
"06009","Calaveras County, California","B03001_005","Latino","Puerto Rican",328,260
"06009","Calaveras County, California","B03001_006","Latino","Cuban",29,46
"06009","Calaveras County, California","B03001_007","Latino","Dominican (Dominican Republic)",0,28
"06009","Calaveras County, California","B03001_009","Latino","Costa Rican",29,47
"06009","Calaveras County, California","B03001_010","Latino","Guatemalan",5,6
"06009","Calaveras County, California","B03001_011","Latino","Honduran",0,28
"06009","Calaveras County, California","B03001_012","Latino","Nicaraguan",0,28
"06009","Calaveras County, California","B03001_013","Latino","Panamanian",0,28
"06009","Calaveras County, California","B03001_014","Latino","Salvadoran",86,96
"06009","Calaveras County, California","B03001_015","Latino","Other Central American",0,28
"06009","Calaveras County, California","B03001_017","Latino","Argentinean",17,28
"06009","Calaveras County, California","B03001_018","Latino","Bolivian",0,28
"06009","Calaveras County, California","B03001_019","Latino","Chilean",0,28
"06009","Calaveras County, California","B03001_020","Latino","Colombian",29,40
"06009","Calaveras County, California","B03001_021","Latino","Ecuadorian",0,28
"06009","Calaveras County, California","B03001_022","Latino","Paraguayan",0,28
"06009","Calaveras County, California","B03001_023","Latino","Peruvian",0,28
"06009","Calaveras County, California","B03001_024","Latino","Uruguayan",0,28
"06009","Calaveras County, California","B03001_025","Latino","Venezuelan",0,28
"06009","Calaveras County, California","B03001_026","Latino","Other South American",0,28
"06009","Calaveras County, California","B03001_028","Latino","Spaniard",517,251
"06009","Calaveras County, California","B03001_029","Latino","Spanish",437,303
"06009","Calaveras County, California","B03001_030","Latino","Spanish American",0,28
"06009","Calaveras County, California","B03001_031","Latino","All other Hispanic or Latino",181,108
"06011","Colusa County, California","B03001_001","Total","Total",21811,NA
"06011","Colusa County, California","B03001_002","Not Hispanic","Not Hispanic or Latino",8531,NA
"06011","Colusa County, California","B03001_004","Latino","Mexican",12735,261
"06011","Colusa County, California","B03001_005","Latino","Puerto Rican",0,25
"06011","Colusa County, California","B03001_006","Latino","Cuban",0,25
"06011","Colusa County, California","B03001_007","Latino","Dominican (Dominican Republic)",0,25
"06011","Colusa County, California","B03001_009","Latino","Costa Rican",167,209
"06011","Colusa County, California","B03001_010","Latino","Guatemalan",0,25
"06011","Colusa County, California","B03001_011","Latino","Honduran",14,2
"06011","Colusa County, California","B03001_012","Latino","Nicaraguan",20,32
"06011","Colusa County, California","B03001_013","Latino","Panamanian",0,25
"06011","Colusa County, California","B03001_014","Latino","Salvadoran",17,23
"06011","Colusa County, California","B03001_015","Latino","Other Central American",0,25
"06011","Colusa County, California","B03001_017","Latino","Argentinean",0,25
"06011","Colusa County, California","B03001_018","Latino","Bolivian",0,25
"06011","Colusa County, California","B03001_019","Latino","Chilean",0,25
"06011","Colusa County, California","B03001_020","Latino","Colombian",0,25
"06011","Colusa County, California","B03001_021","Latino","Ecuadorian",0,25
"06011","Colusa County, California","B03001_022","Latino","Paraguayan",0,25
"06011","Colusa County, California","B03001_023","Latino","Peruvian",0,25
"06011","Colusa County, California","B03001_024","Latino","Uruguayan",0,25
"06011","Colusa County, California","B03001_025","Latino","Venezuelan",0,25
"06011","Colusa County, California","B03001_026","Latino","Other South American",9,13
"06011","Colusa County, California","B03001_028","Latino","Spaniard",211,123
"06011","Colusa County, California","B03001_029","Latino","Spanish",40,51
"06011","Colusa County, California","B03001_030","Latino","Spanish American",0,25
"06011","Colusa County, California","B03001_031","Latino","All other Hispanic or Latino",67,43
"06013","Contra Costa County, California","B03001_001","Total","Total",1162648,NA
"06013","Contra Costa County, California","B03001_002","Not Hispanic","Not Hispanic or Latino",855753,NA
"06013","Contra Costa County, California","B03001_004","Latino","Mexican",207546,3981
"06013","Contra Costa County, California","B03001_005","Latino","Puerto Rican",9043,1660
"06013","Contra Costa County, California","B03001_006","Latino","Cuban",1991,462
"06013","Contra Costa County, California","B03001_007","Latino","Dominican (Dominican Republic)",1144,560
"06013","Contra Costa County, California","B03001_009","Latino","Costa Rican",1019,445
"06013","Contra Costa County, California","B03001_010","Latino","Guatemalan",9213,1992
"06013","Contra Costa County, California","B03001_011","Latino","Honduran",2116,755
"06013","Contra Costa County, California","B03001_012","Latino","Nicaraguan",8794,962
"06013","Contra Costa County, California","B03001_013","Latino","Panamanian",746,507
"06013","Contra Costa County, California","B03001_014","Latino","Salvadoran",28114,2407
"06013","Contra Costa County, California","B03001_015","Latino","Other Central American",253,184
"06013","Contra Costa County, California","B03001_017","Latino","Argentinean",1219,354
"06013","Contra Costa County, California","B03001_018","Latino","Bolivian",497,354
"06013","Contra Costa County, California","B03001_019","Latino","Chilean",986,345
"06013","Contra Costa County, California","B03001_020","Latino","Colombian",3276,812
"06013","Contra Costa County, California","B03001_021","Latino","Ecuadorian",1197,474
"06013","Contra Costa County, California","B03001_022","Latino","Paraguayan",59,81
"06013","Contra Costa County, California","B03001_023","Latino","Peruvian",8485,1605
"06013","Contra Costa County, California","B03001_024","Latino","Uruguayan",157,147
"06013","Contra Costa County, California","B03001_025","Latino","Venezuelan",983,558
"06013","Contra Costa County, California","B03001_026","Latino","Other South American",214,212
"06013","Contra Costa County, California","B03001_028","Latino","Spaniard",6923,989
"06013","Contra Costa County, California","B03001_029","Latino","Spanish",5470,823
"06013","Contra Costa County, California","B03001_030","Latino","Spanish American",268,230
"06013","Contra Costa County, California","B03001_031","Latino","All other Hispanic or Latino",7182,1367
"06015","Del Norte County, California","B03001_001","Total","Total",27462,NA
"06015","Del Norte County, California","B03001_002","Not Hispanic","Not Hispanic or Latino",21855,NA
"06015","Del Norte County, California","B03001_004","Latino","Mexican",4201,352
"06015","Del Norte County, California","B03001_005","Latino","Puerto Rican",121,61
"06015","Del Norte County, California","B03001_006","Latino","Cuban",0,25
"06015","Del Norte County, California","B03001_007","Latino","Dominican (Dominican Republic)",0,25
"06015","Del Norte County, California","B03001_009","Latino","Costa Rican",0,25
"06015","Del Norte County, California","B03001_010","Latino","Guatemalan",1,2
"06015","Del Norte County, California","B03001_011","Latino","Honduran",0,25
"06015","Del Norte County, California","B03001_012","Latino","Nicaraguan",0,25
"06015","Del Norte County, California","B03001_013","Latino","Panamanian",0,25
"06015","Del Norte County, California","B03001_014","Latino","Salvadoran",32,52
"06015","Del Norte County, California","B03001_015","Latino","Other Central American",0,25
"06015","Del Norte County, California","B03001_017","Latino","Argentinean",0,25
"06015","Del Norte County, California","B03001_018","Latino","Bolivian",0,25
"06015","Del Norte County, California","B03001_019","Latino","Chilean",6,11
"06015","Del Norte County, California","B03001_020","Latino","Colombian",0,25
"06015","Del Norte County, California","B03001_021","Latino","Ecuadorian",0,25
"06015","Del Norte County, California","B03001_022","Latino","Paraguayan",0,25
"06015","Del Norte County, California","B03001_023","Latino","Peruvian",0,25
"06015","Del Norte County, California","B03001_024","Latino","Uruguayan",0,25
"06015","Del Norte County, California","B03001_025","Latino","Venezuelan",0,25
"06015","Del Norte County, California","B03001_026","Latino","Other South American",0,25
"06015","Del Norte County, California","B03001_028","Latino","Spaniard",134,78
"06015","Del Norte County, California","B03001_029","Latino","Spanish",327,251
"06015","Del Norte County, California","B03001_030","Latino","Spanish American",165,154
"06015","Del Norte County, California","B03001_031","Latino","All other Hispanic or Latino",620,160
"06017","El Dorado County, California","B03001_001","Total","Total",191713,NA
"06017","El Dorado County, California","B03001_002","Not Hispanic","Not Hispanic or Latino",165783,NA
"06017","El Dorado County, California","B03001_004","Latino","Mexican",18801,777
"06017","El Dorado County, California","B03001_005","Latino","Puerto Rican",1081,388
"06017","El Dorado County, California","B03001_006","Latino","Cuban",162,105
"06017","El Dorado County, California","B03001_007","Latino","Dominican (Dominican Republic)",0,31
"06017","El Dorado County, California","B03001_009","Latino","Costa Rican",119,127
"06017","El Dorado County, California","B03001_010","Latino","Guatemalan",97,63
"06017","El Dorado County, California","B03001_011","Latino","Honduran",153,132
"06017","El Dorado County, California","B03001_012","Latino","Nicaraguan",227,152
"06017","El Dorado County, California","B03001_013","Latino","Panamanian",11,18
"06017","El Dorado County, California","B03001_014","Latino","Salvadoran",1381,549
"06017","El Dorado County, California","B03001_015","Latino","Other Central American",14,23
"06017","El Dorado County, California","B03001_017","Latino","Argentinean",117,109
"06017","El Dorado County, California","B03001_018","Latino","Bolivian",61,67
"06017","El Dorado County, California","B03001_019","Latino","Chilean",108,84
"06017","El Dorado County, California","B03001_020","Latino","Colombian",141,87
"06017","El Dorado County, California","B03001_021","Latino","Ecuadorian",0,31
"06017","El Dorado County, California","B03001_022","Latino","Paraguayan",14,24
"06017","El Dorado County, California","B03001_023","Latino","Peruvian",261,233
"06017","El Dorado County, California","B03001_024","Latino","Uruguayan",10,18
"06017","El Dorado County, California","B03001_025","Latino","Venezuelan",151,156
"06017","El Dorado County, California","B03001_026","Latino","Other South American",0,31
"06017","El Dorado County, California","B03001_028","Latino","Spaniard",785,226
"06017","El Dorado County, California","B03001_029","Latino","Spanish",1553,314
"06017","El Dorado County, California","B03001_030","Latino","Spanish American",0,31
"06017","El Dorado County, California","B03001_031","Latino","All other Hispanic or Latino",683,268
"06019","Fresno County, California","B03001_001","Total","Total",1008280,NA
"06019","Fresno County, California","B03001_002","Not Hispanic","Not Hispanic or Latino",461506,NA
"06019","Fresno County, California","B03001_004","Latino","Mexican",500608,2815
"06019","Fresno County, California","B03001_005","Latino","Puerto Rican",4735,928
"06019","Fresno County, California","B03001_006","Latino","Cuban",1118,353
"06019","Fresno County, California","B03001_007","Latino","Dominican (Dominican Republic)",194,118
"06019","Fresno County, California","B03001_009","Latino","Costa Rican",312,214
"06019","Fresno County, California","B03001_010","Latino","Guatemalan",3037,904
"06019","Fresno County, California","B03001_011","Latino","Honduran",1741,510
"06019","Fresno County, California","B03001_012","Latino","Nicaraguan",817,398
"06019","Fresno County, California","B03001_013","Latino","Panamanian",129,111
"06019","Fresno County, California","B03001_014","Latino","Salvadoran",12738,1584
"06019","Fresno County, California","B03001_015","Latino","Other Central American",22,34
"06019","Fresno County, California","B03001_017","Latino","Argentinean",227,105
"06019","Fresno County, California","B03001_018","Latino","Bolivian",477,301
"06019","Fresno County, California","B03001_019","Latino","Chilean",322,236
"06019","Fresno County, California","B03001_020","Latino","Colombian",739,308
"06019","Fresno County, California","B03001_021","Latino","Ecuadorian",534,550
"06019","Fresno County, California","B03001_022","Latino","Paraguayan",0,31
"06019","Fresno County, California","B03001_023","Latino","Peruvian",835,387
"06019","Fresno County, California","B03001_024","Latino","Uruguayan",36,42
"06019","Fresno County, California","B03001_025","Latino","Venezuelan",96,81
"06019","Fresno County, California","B03001_026","Latino","Other South American",0,31
"06019","Fresno County, California","B03001_028","Latino","Spaniard",5396,993
"06019","Fresno County, California","B03001_029","Latino","Spanish",2452,530
"06019","Fresno County, California","B03001_030","Latino","Spanish American",376,174
"06019","Fresno County, California","B03001_031","Latino","All other Hispanic or Latino",9833,1211
"06021","Glenn County, California","B03001_001","Total","Total",28657,NA
"06021","Glenn County, California","B03001_002","Not Hispanic","Not Hispanic or Latino",16239,NA
"06021","Glenn County, California","B03001_004","Latino","Mexican",11677,309
"06021","Glenn County, California","B03001_005","Latino","Puerto Rican",37,50
"06021","Glenn County, California","B03001_006","Latino","Cuban",31,47
"06021","Glenn County, California","B03001_007","Latino","Dominican (Dominican Republic)",48,74
"06021","Glenn County, California","B03001_009","Latino","Costa Rican",0,25
"06021","Glenn County, California","B03001_010","Latino","Guatemalan",9,16
"06021","Glenn County, California","B03001_011","Latino","Honduran",37,47
"06021","Glenn County, California","B03001_012","Latino","Nicaraguan",59,91
"06021","Glenn County, California","B03001_013","Latino","Panamanian",0,25
"06021","Glenn County, California","B03001_014","Latino","Salvadoran",188,224
"06021","Glenn County, California","B03001_015","Latino","Other Central American",0,25
"06021","Glenn County, California","B03001_017","Latino","Argentinean",0,25
"06021","Glenn County, California","B03001_018","Latino","Bolivian",0,25
"06021","Glenn County, California","B03001_019","Latino","Chilean",0,25
"06021","Glenn County, California","B03001_020","Latino","Colombian",33,55
"06021","Glenn County, California","B03001_021","Latino","Ecuadorian",0,25
"06021","Glenn County, California","B03001_022","Latino","Paraguayan",0,25
"06021","Glenn County, California","B03001_023","Latino","Peruvian",8,13
"06021","Glenn County, California","B03001_024","Latino","Uruguayan",0,25
"06021","Glenn County, California","B03001_025","Latino","Venezuelan",0,25
"06021","Glenn County, California","B03001_026","Latino","Other South American",0,25
"06021","Glenn County, California","B03001_028","Latino","Spaniard",62,62
"06021","Glenn County, California","B03001_029","Latino","Spanish",111,96
"06021","Glenn County, California","B03001_030","Latino","Spanish American",0,25
"06021","Glenn County, California","B03001_031","Latino","All other Hispanic or Latino",118,104
"06023","Humboldt County, California","B03001_001","Total","Total",136132,NA
"06023","Humboldt County, California","B03001_002","Not Hispanic","Not Hispanic or Latino",119003,NA
"06023","Humboldt County, California","B03001_004","Latino","Mexican",12864,785
"06023","Humboldt County, California","B03001_005","Latino","Puerto Rican",646,249
"06023","Humboldt County, California","B03001_006","Latino","Cuban",283,218
"06023","Humboldt County, California","B03001_007","Latino","Dominican (Dominican Republic)",40,46
"06023","Humboldt County, California","B03001_009","Latino","Costa Rican",168,212
"06023","Humboldt County, California","B03001_010","Latino","Guatemalan",147,87
"06023","Humboldt County, California","B03001_011","Latino","Honduran",21,27
"06023","Humboldt County, California","B03001_012","Latino","Nicaraguan",99,84
"06023","Humboldt County, California","B03001_013","Latino","Panamanian",15,23
"06023","Humboldt County, California","B03001_014","Latino","Salvadoran",424,353
"06023","Humboldt County, California","B03001_015","Latino","Other Central American",0,31
"06023","Humboldt County, California","B03001_017","Latino","Argentinean",7,13
"06023","Humboldt County, California","B03001_018","Latino","Bolivian",60,81
"06023","Humboldt County, California","B03001_019","Latino","Chilean",126,79
"06023","Humboldt County, California","B03001_020","Latino","Colombian",251,263
"06023","Humboldt County, California","B03001_021","Latino","Ecuadorian",107,82
"06023","Humboldt County, California","B03001_022","Latino","Paraguayan",0,31
"06023","Humboldt County, California","B03001_023","Latino","Peruvian",235,187
"06023","Humboldt County, California","B03001_024","Latino","Uruguayan",2,4
"06023","Humboldt County, California","B03001_025","Latino","Venezuelan",12,20
"06023","Humboldt County, California","B03001_026","Latino","Other South American",19,24
"06023","Humboldt County, California","B03001_028","Latino","Spaniard",731,344
"06023","Humboldt County, California","B03001_029","Latino","Spanish",447,192
"06023","Humboldt County, California","B03001_030","Latino","Spanish American",16,26
"06023","Humboldt County, California","B03001_031","Latino","All other Hispanic or Latino",409,239
"06025","Imperial County, California","B03001_001","Total","Total",179578,NA
"06025","Imperial County, California","B03001_002","Not Hispanic","Not Hispanic or Latino",26196,NA
"06025","Imperial County, California","B03001_004","Latino","Mexican",148165,1060
"06025","Imperial County, California","B03001_005","Latino","Puerto Rican",446,197
"06025","Imperial County, California","B03001_006","Latino","Cuban",50,32
"06025","Imperial County, California","B03001_007","Latino","Dominican (Dominican Republic)",76,95
"06025","Imperial County, California","B03001_009","Latino","Costa Rican",0,31
"06025","Imperial County, California","B03001_010","Latino","Guatemalan",356,146
"06025","Imperial County, California","B03001_011","Latino","Honduran",116,61
"06025","Imperial County, California","B03001_012","Latino","Nicaraguan",193,202
"06025","Imperial County, California","B03001_013","Latino","Panamanian",40,47
"06025","Imperial County, California","B03001_014","Latino","Salvadoran",603,238
"06025","Imperial County, California","B03001_015","Latino","Other Central American",0,31
"06025","Imperial County, California","B03001_017","Latino","Argentinean",116,137
"06025","Imperial County, California","B03001_018","Latino","Bolivian",33,49
"06025","Imperial County, California","B03001_019","Latino","Chilean",173,202
"06025","Imperial County, California","B03001_020","Latino","Colombian",238,140
"06025","Imperial County, California","B03001_021","Latino","Ecuadorian",0,31
"06025","Imperial County, California","B03001_022","Latino","Paraguayan",0,31
"06025","Imperial County, California","B03001_023","Latino","Peruvian",53,56
"06025","Imperial County, California","B03001_024","Latino","Uruguayan",0,31
"06025","Imperial County, California","B03001_025","Latino","Venezuelan",193,225
"06025","Imperial County, California","B03001_026","Latino","Other South American",0,31
"06025","Imperial County, California","B03001_028","Latino","Spaniard",852,660
"06025","Imperial County, California","B03001_029","Latino","Spanish",323,213
"06025","Imperial County, California","B03001_030","Latino","Spanish American",0,31
"06025","Imperial County, California","B03001_031","Latino","All other Hispanic or Latino",1356,610
"06027","Inyo County, California","B03001_001","Total","Total",18829,NA
"06027","Inyo County, California","B03001_002","Not Hispanic","Not Hispanic or Latino",14329,NA
"06027","Inyo County, California","B03001_004","Latino","Mexican",3582,374
"06027","Inyo County, California","B03001_005","Latino","Puerto Rican",113,133
"06027","Inyo County, California","B03001_006","Latino","Cuban",60,67
"06027","Inyo County, California","B03001_007","Latino","Dominican (Dominican Republic)",0,21
"06027","Inyo County, California","B03001_009","Latino","Costa Rican",0,21
"06027","Inyo County, California","B03001_010","Latino","Guatemalan",7,11
"06027","Inyo County, California","B03001_011","Latino","Honduran",0,21
"06027","Inyo County, California","B03001_012","Latino","Nicaraguan",1,2
"06027","Inyo County, California","B03001_013","Latino","Panamanian",0,21
"06027","Inyo County, California","B03001_014","Latino","Salvadoran",25,35
"06027","Inyo County, California","B03001_015","Latino","Other Central American",0,21
"06027","Inyo County, California","B03001_017","Latino","Argentinean",18,31
"06027","Inyo County, California","B03001_018","Latino","Bolivian",0,21
"06027","Inyo County, California","B03001_019","Latino","Chilean",0,21
"06027","Inyo County, California","B03001_020","Latino","Colombian",89,82
"06027","Inyo County, California","B03001_021","Latino","Ecuadorian",0,21
"06027","Inyo County, California","B03001_022","Latino","Paraguayan",0,21
"06027","Inyo County, California","B03001_023","Latino","Peruvian",0,21
"06027","Inyo County, California","B03001_024","Latino","Uruguayan",0,21
"06027","Inyo County, California","B03001_025","Latino","Venezuelan",0,21
"06027","Inyo County, California","B03001_026","Latino","Other South American",0,21
"06027","Inyo County, California","B03001_028","Latino","Spaniard",118,143
"06027","Inyo County, California","B03001_029","Latino","Spanish",125,80
"06027","Inyo County, California","B03001_030","Latino","Spanish American",0,21
"06027","Inyo County, California","B03001_031","Latino","All other Hispanic or Latino",362,277
"06029","Kern County, California","B03001_001","Total","Total",906883,NA
"06029","Kern County, California","B03001_002","Not Hispanic","Not Hispanic or Latino",405178,NA
"06029","Kern County, California","B03001_004","Latino","Mexican",457291,2906
"06029","Kern County, California","B03001_005","Latino","Puerto Rican",6054,1221
"06029","Kern County, California","B03001_006","Latino","Cuban",984,296
"06029","Kern County, California","B03001_007","Latino","Dominican (Dominican Republic)",252,222
"06029","Kern County, California","B03001_009","Latino","Costa Rican",412,215
"06029","Kern County, California","B03001_010","Latino","Guatemalan",4103,713
"06029","Kern County, California","B03001_011","Latino","Honduran",1977,1354
"06029","Kern County, California","B03001_012","Latino","Nicaraguan",352,210
"06029","Kern County, California","B03001_013","Latino","Panamanian",109,89
"06029","Kern County, California","B03001_014","Latino","Salvadoran",10156,1413
"06029","Kern County, California","B03001_015","Latino","Other Central American",198,205
"06029","Kern County, California","B03001_017","Latino","Argentinean",423,301
"06029","Kern County, California","B03001_018","Latino","Bolivian",210,258
"06029","Kern County, California","B03001_019","Latino","Chilean",71,60
"06029","Kern County, California","B03001_020","Latino","Colombian",910,410
"06029","Kern County, California","B03001_021","Latino","Ecuadorian",215,137
"06029","Kern County, California","B03001_022","Latino","Paraguayan",17,30
"06029","Kern County, California","B03001_023","Latino","Peruvian",1481,652
"06029","Kern County, California","B03001_024","Latino","Uruguayan",17,26
"06029","Kern County, California","B03001_025","Latino","Venezuelan",282,269
"06029","Kern County, California","B03001_026","Latino","Other South American",0,31
"06029","Kern County, California","B03001_028","Latino","Spaniard",3616,866
"06029","Kern County, California","B03001_029","Latino","Spanish",2694,648
"06029","Kern County, California","B03001_030","Latino","Spanish American",152,169
"06029","Kern County, California","B03001_031","Latino","All other Hispanic or Latino",9729,1434
"06031","Kings County, California","B03001_001","Total","Total",152515,NA
"06031","Kings County, California","B03001_002","Not Hispanic","Not Hispanic or Latino",66893,NA
"06031","Kings County, California","B03001_004","Latino","Mexican",80013,830
"06031","Kings County, California","B03001_005","Latino","Puerto Rican",999,443
"06031","Kings County, California","B03001_006","Latino","Cuban",166,146
"06031","Kings County, California","B03001_007","Latino","Dominican (Dominican Republic)",129,102
"06031","Kings County, California","B03001_009","Latino","Costa Rican",0,31
"06031","Kings County, California","B03001_010","Latino","Guatemalan",248,175
"06031","Kings County, California","B03001_011","Latino","Honduran",444,383
"06031","Kings County, California","B03001_012","Latino","Nicaraguan",25,28
"06031","Kings County, California","B03001_013","Latino","Panamanian",0,31
"06031","Kings County, California","B03001_014","Latino","Salvadoran",498,205
"06031","Kings County, California","B03001_015","Latino","Other Central American",63,71
"06031","Kings County, California","B03001_017","Latino","Argentinean",5,13
"06031","Kings County, California","B03001_018","Latino","Bolivian",0,31
"06031","Kings County, California","B03001_019","Latino","Chilean",17,26
"06031","Kings County, California","B03001_020","Latino","Colombian",87,59
"06031","Kings County, California","B03001_021","Latino","Ecuadorian",71,57
"06031","Kings County, California","B03001_022","Latino","Paraguayan",0,31
"06031","Kings County, California","B03001_023","Latino","Peruvian",78,62
"06031","Kings County, California","B03001_024","Latino","Uruguayan",0,31
"06031","Kings County, California","B03001_025","Latino","Venezuelan",0,31
"06031","Kings County, California","B03001_026","Latino","Other South American",0,31
"06031","Kings County, California","B03001_028","Latino","Spaniard",926,371
"06031","Kings County, California","B03001_029","Latino","Spanish",828,502
"06031","Kings County, California","B03001_030","Latino","Spanish American",0,31
"06031","Kings County, California","B03001_031","Latino","All other Hispanic or Latino",1025,296
"06033","Lake County, California","B03001_001","Total","Total",68024,NA
"06033","Lake County, California","B03001_002","Not Hispanic","Not Hispanic or Latino",52352,NA
"06033","Lake County, California","B03001_004","Latino","Mexican",13776,494
"06033","Lake County, California","B03001_005","Latino","Puerto Rican",165,133
"06033","Lake County, California","B03001_006","Latino","Cuban",70,88
"06033","Lake County, California","B03001_007","Latino","Dominican (Dominican Republic)",0,31
"06033","Lake County, California","B03001_009","Latino","Costa Rican",0,31
"06033","Lake County, California","B03001_010","Latino","Guatemalan",43,71
"06033","Lake County, California","B03001_011","Latino","Honduran",100,123
"06033","Lake County, California","B03001_012","Latino","Nicaraguan",107,151
"06033","Lake County, California","B03001_013","Latino","Panamanian",0,31
"06033","Lake County, California","B03001_014","Latino","Salvadoran",232,163
"06033","Lake County, California","B03001_015","Latino","Other Central American",0,31
"06033","Lake County, California","B03001_017","Latino","Argentinean",0,31
"06033","Lake County, California","B03001_018","Latino","Bolivian",0,31
"06033","Lake County, California","B03001_019","Latino","Chilean",28,60
"06033","Lake County, California","B03001_020","Latino","Colombian",7,10
"06033","Lake County, California","B03001_021","Latino","Ecuadorian",0,31
"06033","Lake County, California","B03001_022","Latino","Paraguayan",0,31
"06033","Lake County, California","B03001_023","Latino","Peruvian",112,160
"06033","Lake County, California","B03001_024","Latino","Uruguayan",0,31
"06033","Lake County, California","B03001_025","Latino","Venezuelan",0,31
"06033","Lake County, California","B03001_026","Latino","Other South American",0,31
"06033","Lake County, California","B03001_028","Latino","Spaniard",260,142
"06033","Lake County, California","B03001_029","Latino","Spanish",570,247
"06033","Lake County, California","B03001_030","Latino","Spanish American",0,31
"06033","Lake County, California","B03001_031","Latino","All other Hispanic or Latino",202,133
"06035","Lassen County, California","B03001_001","Total","Total",31873,NA
"06035","Lassen County, California","B03001_002","Not Hispanic","Not Hispanic or Latino",25356,NA
"06035","Lassen County, California","B03001_004","Latino","Mexican",5524,223
"06035","Lassen County, California","B03001_005","Latino","Puerto Rican",81,70
"06035","Lassen County, California","B03001_006","Latino","Cuban",0,28
"06035","Lassen County, California","B03001_007","Latino","Dominican (Dominican Republic)",1,5
"06035","Lassen County, California","B03001_009","Latino","Costa Rican",20,32
"06035","Lassen County, California","B03001_010","Latino","Guatemalan",18,18
"06035","Lassen County, California","B03001_011","Latino","Honduran",3,6
"06035","Lassen County, California","B03001_012","Latino","Nicaraguan",51,64
"06035","Lassen County, California","B03001_013","Latino","Panamanian",0,28
"06035","Lassen County, California","B03001_014","Latino","Salvadoran",41,40
"06035","Lassen County, California","B03001_015","Latino","Other Central American",0,28
"06035","Lassen County, California","B03001_017","Latino","Argentinean",0,28
"06035","Lassen County, California","B03001_018","Latino","Bolivian",0,28
"06035","Lassen County, California","B03001_019","Latino","Chilean",0,28
"06035","Lassen County, California","B03001_020","Latino","Colombian",4,5
"06035","Lassen County, California","B03001_021","Latino","Ecuadorian",0,28
"06035","Lassen County, California","B03001_022","Latino","Paraguayan",0,28
"06035","Lassen County, California","B03001_023","Latino","Peruvian",9,14
"06035","Lassen County, California","B03001_024","Latino","Uruguayan",0,28
"06035","Lassen County, California","B03001_025","Latino","Venezuelan",0,28
"06035","Lassen County, California","B03001_026","Latino","Other South American",0,28
"06035","Lassen County, California","B03001_028","Latino","Spaniard",121,124
"06035","Lassen County, California","B03001_029","Latino","Spanish",105,104
"06035","Lassen County, California","B03001_030","Latino","Spanish American",0,28
"06035","Lassen County, California","B03001_031","Latino","All other Hispanic or Latino",539,88
"06037","Los Angeles County, California","B03001_001","Total","Total",9936690,NA
"06037","Los Angeles County, California","B03001_002","Not Hispanic","Not Hispanic or Latino",5099096,NA
"06037","Los Angeles County, California","B03001_004","Latino","Mexican",3586953,12318
"06037","Los Angeles County, California","B03001_005","Latino","Puerto Rican",47349,2658
"06037","Los Angeles County, California","B03001_006","Latino","Cuban",40264,2511
"06037","Los Angeles County, California","B03001_007","Latino","Dominican (Dominican Republic)",6968,988
"06037","Los Angeles County, California","B03001_009","Latino","Costa Rican",9996,1243
"06037","Los Angeles County, California","B03001_010","Latino","Guatemalan",281279,7346
"06037","Los Angeles County, California","B03001_011","Latino","Honduran",56224,3952
"06037","Los Angeles County, California","B03001_012","Latino","Nicaraguan",36877,2622
"06037","Los Angeles County, California","B03001_013","Latino","Panamanian",5170,707
"06037","Los Angeles County, California","B03001_014","Latino","Salvadoran",438782,9004
"06037","Los Angeles County, California","B03001_015","Latino","Other Central American",7607,1253
"06037","Los Angeles County, California","B03001_017","Latino","Argentinean",21258,1678
"06037","Los Angeles County, California","B03001_018","Latino","Bolivian",5072,920
"06037","Los Angeles County, California","B03001_019","Latino","Chilean",8777,982
"06037","Los Angeles County, California","B03001_020","Latino","Colombian",34176,2785
"06037","Los Angeles County, California","B03001_021","Latino","Ecuadorian",21269,1976
"06037","Los Angeles County, California","B03001_022","Latino","Paraguayan",363,163
"06037","Los Angeles County, California","B03001_023","Latino","Peruvian",37550,2945
"06037","Los Angeles County, California","B03001_024","Latino","Uruguayan",2264,701
"06037","Los Angeles County, California","B03001_025","Latino","Venezuelan",7396,1127
"06037","Los Angeles County, California","B03001_026","Latino","Other South American",1717,508
"06037","Los Angeles County, California","B03001_028","Latino","Spaniard",35157,2321
"06037","Los Angeles County, California","B03001_029","Latino","Spanish",26068,1907
"06037","Los Angeles County, California","B03001_030","Latino","Spanish American",1266,409
"06037","Los Angeles County, California","B03001_031","Latino","All other Hispanic or Latino",117792,4376
"06039","Madera County, California","B03001_001","Total","Total",157243,NA
"06039","Madera County, California","B03001_002","Not Hispanic","Not Hispanic or Latino",63388,NA
"06039","Madera County, California","B03001_004","Latino","Mexican",88423,1120
"06039","Madera County, California","B03001_005","Latino","Puerto Rican",516,364
"06039","Madera County, California","B03001_006","Latino","Cuban",76,44
"06039","Madera County, California","B03001_007","Latino","Dominican (Dominican Republic)",54,52
"06039","Madera County, California","B03001_009","Latino","Costa Rican",97,75
"06039","Madera County, California","B03001_010","Latino","Guatemalan",575,416
"06039","Madera County, California","B03001_011","Latino","Honduran",135,121
"06039","Madera County, California","B03001_012","Latino","Nicaraguan",0,31
"06039","Madera County, California","B03001_013","Latino","Panamanian",5,9
"06039","Madera County, California","B03001_014","Latino","Salvadoran",1088,445
"06039","Madera County, California","B03001_015","Latino","Other Central American",0,31
"06039","Madera County, California","B03001_017","Latino","Argentinean",13,29
"06039","Madera County, California","B03001_018","Latino","Bolivian",0,31
"06039","Madera County, California","B03001_019","Latino","Chilean",49,72
"06039","Madera County, California","B03001_020","Latino","Colombian",288,250
"06039","Madera County, California","B03001_021","Latino","Ecuadorian",45,58
"06039","Madera County, California","B03001_022","Latino","Paraguayan",0,31
"06039","Madera County, California","B03001_023","Latino","Peruvian",19,18
"06039","Madera County, California","B03001_024","Latino","Uruguayan",0,31
"06039","Madera County, California","B03001_025","Latino","Venezuelan",6,10
"06039","Madera County, California","B03001_026","Latino","Other South American",0,31
"06039","Madera County, California","B03001_028","Latino","Spaniard",757,273
"06039","Madera County, California","B03001_029","Latino","Spanish",320,186
"06039","Madera County, California","B03001_030","Latino","Spanish American",0,31
"06039","Madera County, California","B03001_031","Latino","All other Hispanic or Latino",1389,646
"06041","Marin County, California","B03001_001","Total","Total",260485,NA
"06041","Marin County, California","B03001_002","Not Hispanic","Not Hispanic or Latino",217342,NA
"06041","Marin County, California","B03001_004","Latino","Mexican",19797,1671
"06041","Marin County, California","B03001_005","Latino","Puerto Rican",936,317
"06041","Marin County, California","B03001_006","Latino","Cuban",417,271
"06041","Marin County, California","B03001_007","Latino","Dominican (Dominican Republic)",320,252
"06041","Marin County, California","B03001_009","Latino","Costa Rican",225,247
"06041","Marin County, California","B03001_010","Latino","Guatemalan",9166,1415
"06041","Marin County, California","B03001_011","Latino","Honduran",222,174
"06041","Marin County, California","B03001_012","Latino","Nicaraguan",1276,592
"06041","Marin County, California","B03001_013","Latino","Panamanian",123,130
"06041","Marin County, California","B03001_014","Latino","Salvadoran",3005,913
"06041","Marin County, California","B03001_015","Latino","Other Central American",10,23
"06041","Marin County, California","B03001_017","Latino","Argentinean",338,160
"06041","Marin County, California","B03001_018","Latino","Bolivian",118,106
"06041","Marin County, California","B03001_019","Latino","Chilean",318,189
"06041","Marin County, California","B03001_020","Latino","Colombian",452,176
"06041","Marin County, California","B03001_021","Latino","Ecuadorian",581,453
"06041","Marin County, California","B03001_022","Latino","Paraguayan",0,31
"06041","Marin County, California","B03001_023","Latino","Peruvian",1417,743
"06041","Marin County, California","B03001_024","Latino","Uruguayan",15,27
"06041","Marin County, California","B03001_025","Latino","Venezuelan",79,75
"06041","Marin County, California","B03001_026","Latino","Other South American",13,21
"06041","Marin County, California","B03001_028","Latino","Spaniard",1267,385
"06041","Marin County, California","B03001_029","Latino","Spanish",785,272
"06041","Marin County, California","B03001_030","Latino","Spanish American",11,19
"06041","Marin County, California","B03001_031","Latino","All other Hispanic or Latino",2252,641
"06043","Mariposa County, California","B03001_001","Total","Total",17130,NA
"06043","Mariposa County, California","B03001_002","Not Hispanic","Not Hispanic or Latino",14907,NA
"06043","Mariposa County, California","B03001_004","Latino","Mexican",1858,187
"06043","Mariposa County, California","B03001_005","Latino","Puerto Rican",76,102
"06043","Mariposa County, California","B03001_006","Latino","Cuban",8,14
"06043","Mariposa County, California","B03001_007","Latino","Dominican (Dominican Republic)",0,21
"06043","Mariposa County, California","B03001_009","Latino","Costa Rican",0,21
"06043","Mariposa County, California","B03001_010","Latino","Guatemalan",12,19
"06043","Mariposa County, California","B03001_011","Latino","Honduran",13,19
"06043","Mariposa County, California","B03001_012","Latino","Nicaraguan",23,29
"06043","Mariposa County, California","B03001_013","Latino","Panamanian",0,21
"06043","Mariposa County, California","B03001_014","Latino","Salvadoran",0,21
"06043","Mariposa County, California","B03001_015","Latino","Other Central American",0,21
"06043","Mariposa County, California","B03001_017","Latino","Argentinean",0,21
"06043","Mariposa County, California","B03001_018","Latino","Bolivian",0,21
"06043","Mariposa County, California","B03001_019","Latino","Chilean",4,10
"06043","Mariposa County, California","B03001_020","Latino","Colombian",45,65
"06043","Mariposa County, California","B03001_021","Latino","Ecuadorian",9,17
"06043","Mariposa County, California","B03001_022","Latino","Paraguayan",0,21
"06043","Mariposa County, California","B03001_023","Latino","Peruvian",4,9
"06043","Mariposa County, California","B03001_024","Latino","Uruguayan",0,21
"06043","Mariposa County, California","B03001_025","Latino","Venezuelan",0,21
"06043","Mariposa County, California","B03001_026","Latino","Other South American",0,21
"06043","Mariposa County, California","B03001_028","Latino","Spaniard",27,33
"06043","Mariposa County, California","B03001_029","Latino","Spanish",37,51
"06043","Mariposa County, California","B03001_030","Latino","Spanish American",0,21
"06043","Mariposa County, California","B03001_031","Latino","All other Hispanic or Latino",107,112
"06045","Mendocino County, California","B03001_001","Total","Total",91145,NA
"06045","Mendocino County, California","B03001_002","Not Hispanic","Not Hispanic or Latino",66731,NA
"06045","Mendocino County, California","B03001_004","Latino","Mexican",22242,510
"06045","Mendocino County, California","B03001_005","Latino","Puerto Rican",259,133
"06045","Mendocino County, California","B03001_006","Latino","Cuban",23,24
"06045","Mendocino County, California","B03001_007","Latino","Dominican (Dominican Republic)",0,31
"06045","Mendocino County, California","B03001_009","Latino","Costa Rican",10,15
"06045","Mendocino County, California","B03001_010","Latino","Guatemalan",17,21
"06045","Mendocino County, California","B03001_011","Latino","Honduran",20,33
"06045","Mendocino County, California","B03001_012","Latino","Nicaraguan",132,119
"06045","Mendocino County, California","B03001_013","Latino","Panamanian",0,31
"06045","Mendocino County, California","B03001_014","Latino","Salvadoran",125,118
"06045","Mendocino County, California","B03001_015","Latino","Other Central American",0,31
"06045","Mendocino County, California","B03001_017","Latino","Argentinean",0,31
"06045","Mendocino County, California","B03001_018","Latino","Bolivian",0,31
"06045","Mendocino County, California","B03001_019","Latino","Chilean",115,179
"06045","Mendocino County, California","B03001_020","Latino","Colombian",25,22
"06045","Mendocino County, California","B03001_021","Latino","Ecuadorian",10,19
"06045","Mendocino County, California","B03001_022","Latino","Paraguayan",0,31
"06045","Mendocino County, California","B03001_023","Latino","Peruvian",33,108
"06045","Mendocino County, California","B03001_024","Latino","Uruguayan",0,31
"06045","Mendocino County, California","B03001_025","Latino","Venezuelan",34,38
"06045","Mendocino County, California","B03001_026","Latino","Other South American",29,44
"06045","Mendocino County, California","B03001_028","Latino","Spaniard",649,321
"06045","Mendocino County, California","B03001_029","Latino","Spanish",249,126
"06045","Mendocino County, California","B03001_030","Latino","Spanish American",0,31
"06045","Mendocino County, California","B03001_031","Latino","All other Hispanic or Latino",442,202
"06047","Merced County, California","B03001_001","Total","Total",282290,NA
"06047","Merced County, California","B03001_002","Not Hispanic","Not Hispanic or Latino",107558,NA
"06047","Merced County, California","B03001_004","Latino","Mexican",167158,1041
"06047","Merced County, California","B03001_005","Latino","Puerto Rican",610,254
"06047","Merced County, California","B03001_006","Latino","Cuban",147,120
"06047","Merced County, California","B03001_007","Latino","Dominican (Dominican Republic)",25,49
"06047","Merced County, California","B03001_009","Latino","Costa Rican",419,507
"06047","Merced County, California","B03001_010","Latino","Guatemalan",778,410
"06047","Merced County, California","B03001_011","Latino","Honduran",472,355
"06047","Merced County, California","B03001_012","Latino","Nicaraguan",242,142
"06047","Merced County, California","B03001_013","Latino","Panamanian",80,70
"06047","Merced County, California","B03001_014","Latino","Salvadoran",1311,353
"06047","Merced County, California","B03001_015","Latino","Other Central American",7,11
"06047","Merced County, California","B03001_017","Latino","Argentinean",64,104
"06047","Merced County, California","B03001_018","Latino","Bolivian",32,55
"06047","Merced County, California","B03001_019","Latino","Chilean",13,14
"06047","Merced County, California","B03001_020","Latino","Colombian",171,133
"06047","Merced County, California","B03001_021","Latino","Ecuadorian",30,41
"06047","Merced County, California","B03001_022","Latino","Paraguayan",2,5
"06047","Merced County, California","B03001_023","Latino","Peruvian",251,230
"06047","Merced County, California","B03001_024","Latino","Uruguayan",36,42
"06047","Merced County, California","B03001_025","Latino","Venezuelan",37,35
"06047","Merced County, California","B03001_026","Latino","Other South American",0,31
"06047","Merced County, California","B03001_028","Latino","Spaniard",709,229
"06047","Merced County, California","B03001_029","Latino","Spanish",496,198
"06047","Merced County, California","B03001_030","Latino","Spanish American",14,23
"06047","Merced County, California","B03001_031","Latino","All other Hispanic or Latino",1628,390
"06049","Modoc County, California","B03001_001","Total","Total",8651,NA
"06049","Modoc County, California","B03001_002","Not Hispanic","Not Hispanic or Latino",7326,NA
"06049","Modoc County, California","B03001_004","Latino","Mexican",1044,148
"06049","Modoc County, California","B03001_005","Latino","Puerto Rican",0,19
"06049","Modoc County, California","B03001_006","Latino","Cuban",0,19
"06049","Modoc County, California","B03001_007","Latino","Dominican (Dominican Republic)",0,19
"06049","Modoc County, California","B03001_009","Latino","Costa Rican",0,19
"06049","Modoc County, California","B03001_010","Latino","Guatemalan",0,19
"06049","Modoc County, California","B03001_011","Latino","Honduran",0,19
"06049","Modoc County, California","B03001_012","Latino","Nicaraguan",0,19
"06049","Modoc County, California","B03001_013","Latino","Panamanian",0,19
"06049","Modoc County, California","B03001_014","Latino","Salvadoran",22,38
"06049","Modoc County, California","B03001_015","Latino","Other Central American",0,19
"06049","Modoc County, California","B03001_017","Latino","Argentinean",0,19
"06049","Modoc County, California","B03001_018","Latino","Bolivian",23,35
"06049","Modoc County, California","B03001_019","Latino","Chilean",13,19
"06049","Modoc County, California","B03001_020","Latino","Colombian",0,19
"06049","Modoc County, California","B03001_021","Latino","Ecuadorian",12,23
"06049","Modoc County, California","B03001_022","Latino","Paraguayan",0,19
"06049","Modoc County, California","B03001_023","Latino","Peruvian",23,37
"06049","Modoc County, California","B03001_024","Latino","Uruguayan",0,19
"06049","Modoc County, California","B03001_025","Latino","Venezuelan",0,19
"06049","Modoc County, California","B03001_026","Latino","Other South American",0,19
"06049","Modoc County, California","B03001_028","Latino","Spaniard",143,119
"06049","Modoc County, California","B03001_029","Latino","Spanish",15,22
"06049","Modoc County, California","B03001_030","Latino","Spanish American",0,19
"06049","Modoc County, California","B03001_031","Latino","All other Hispanic or Latino",30,49
"06051","Mono County, California","B03001_001","Total","Total",13219,NA
"06051","Mono County, California","B03001_002","Not Hispanic","Not Hispanic or Latino",9637,NA
"06051","Mono County, California","B03001_004","Latino","Mexican",3480,68
"06051","Mono County, California","B03001_005","Latino","Puerto Rican",0,21
"06051","Mono County, California","B03001_006","Latino","Cuban",0,21
"06051","Mono County, California","B03001_007","Latino","Dominican (Dominican Republic)",14,16
"06051","Mono County, California","B03001_009","Latino","Costa Rican",17,30
"06051","Mono County, California","B03001_010","Latino","Guatemalan",2,4
"06051","Mono County, California","B03001_011","Latino","Honduran",0,21
"06051","Mono County, California","B03001_012","Latino","Nicaraguan",0,21
"06051","Mono County, California","B03001_013","Latino","Panamanian",0,21
"06051","Mono County, California","B03001_014","Latino","Salvadoran",4,11
"06051","Mono County, California","B03001_015","Latino","Other Central American",0,21
"06051","Mono County, California","B03001_017","Latino","Argentinean",0,21
"06051","Mono County, California","B03001_018","Latino","Bolivian",0,21
"06051","Mono County, California","B03001_019","Latino","Chilean",0,21
"06051","Mono County, California","B03001_020","Latino","Colombian",0,21
"06051","Mono County, California","B03001_021","Latino","Ecuadorian",0,21
"06051","Mono County, California","B03001_022","Latino","Paraguayan",0,21
"06051","Mono County, California","B03001_023","Latino","Peruvian",3,4
"06051","Mono County, California","B03001_024","Latino","Uruguayan",0,21
"06051","Mono County, California","B03001_025","Latino","Venezuelan",0,21
"06051","Mono County, California","B03001_026","Latino","Other South American",0,21
"06051","Mono County, California","B03001_028","Latino","Spaniard",17,30
"06051","Mono County, California","B03001_029","Latino","Spanish",5,9
"06051","Mono County, California","B03001_030","Latino","Spanish American",0,21
"06051","Mono County, California","B03001_031","Latino","All other Hispanic or Latino",40,54
"06053","Monterey County, California","B03001_001","Total","Total",437609,NA
"06053","Monterey County, California","B03001_002","Not Hispanic","Not Hispanic or Latino",175655,NA
"06053","Monterey County, California","B03001_004","Latino","Mexican",240956,2082
"06053","Monterey County, California","B03001_005","Latino","Puerto Rican",3000,762
"06053","Monterey County, California","B03001_006","Latino","Cuban",814,338
"06053","Monterey County, California","B03001_007","Latino","Dominican (Dominican Republic)",119,88
"06053","Monterey County, California","B03001_009","Latino","Costa Rican",30,45
"06053","Monterey County, California","B03001_010","Latino","Guatemalan",1140,350
"06053","Monterey County, California","B03001_011","Latino","Honduran",670,404
"06053","Monterey County, California","B03001_012","Latino","Nicaraguan",277,284
"06053","Monterey County, California","B03001_013","Latino","Panamanian",134,74
"06053","Monterey County, California","B03001_014","Latino","Salvadoran",6565,1690
"06053","Monterey County, California","B03001_015","Latino","Other Central American",7,12
"06053","Monterey County, California","B03001_017","Latino","Argentinean",986,1097
"06053","Monterey County, California","B03001_018","Latino","Bolivian",16,19
"06053","Monterey County, California","B03001_019","Latino","Chilean",169,100
"06053","Monterey County, California","B03001_020","Latino","Colombian",326,157
"06053","Monterey County, California","B03001_021","Latino","Ecuadorian",305,216
"06053","Monterey County, California","B03001_022","Latino","Paraguayan",69,85
"06053","Monterey County, California","B03001_023","Latino","Peruvian",495,240
"06053","Monterey County, California","B03001_024","Latino","Uruguayan",169,222
"06053","Monterey County, California","B03001_025","Latino","Venezuelan",110,121
"06053","Monterey County, California","B03001_026","Latino","Other South American",0,31
"06053","Monterey County, California","B03001_028","Latino","Spaniard",1266,440
"06053","Monterey County, California","B03001_029","Latino","Spanish",1710,553
"06053","Monterey County, California","B03001_030","Latino","Spanish American",0,31
"06053","Monterey County, California","B03001_031","Latino","All other Hispanic or Latino",2621,588
"06055","Napa County, California","B03001_001","Total","Total",137384,NA
"06055","Napa County, California","B03001_002","Not Hispanic","Not Hispanic or Latino",89202,NA
"06055","Napa County, California","B03001_004","Latino","Mexican",41563,1044
"06055","Napa County, California","B03001_005","Latino","Puerto Rican",671,282
"06055","Napa County, California","B03001_006","Latino","Cuban",223,121
"06055","Napa County, California","B03001_007","Latino","Dominican (Dominican Republic)",27,51
"06055","Napa County, California","B03001_009","Latino","Costa Rican",16,19
"06055","Napa County, California","B03001_010","Latino","Guatemalan",1327,587
"06055","Napa County, California","B03001_011","Latino","Honduran",13,16
"06055","Napa County, California","B03001_012","Latino","Nicaraguan",122,85
"06055","Napa County, California","B03001_013","Latino","Panamanian",118,165
"06055","Napa County, California","B03001_014","Latino","Salvadoran",968,337
"06055","Napa County, California","B03001_015","Latino","Other Central American",0,31
"06055","Napa County, California","B03001_017","Latino","Argentinean",75,53
"06055","Napa County, California","B03001_018","Latino","Bolivian",0,31
"06055","Napa County, California","B03001_019","Latino","Chilean",82,60
"06055","Napa County, California","B03001_020","Latino","Colombian",164,138
"06055","Napa County, California","B03001_021","Latino","Ecuadorian",12,20
"06055","Napa County, California","B03001_022","Latino","Paraguayan",0,31
"06055","Napa County, California","B03001_023","Latino","Peruvian",356,299
"06055","Napa County, California","B03001_024","Latino","Uruguayan",7,12
"06055","Napa County, California","B03001_025","Latino","Venezuelan",69,54
"06055","Napa County, California","B03001_026","Latino","Other South American",18,32
"06055","Napa County, California","B03001_028","Latino","Spaniard",605,269
"06055","Napa County, California","B03001_029","Latino","Spanish",841,334
"06055","Napa County, California","B03001_030","Latino","Spanish American",0,31
"06055","Napa County, California","B03001_031","Latino","All other Hispanic or Latino",905,311
"06057","Nevada County, California","B03001_001","Total","Total",102322,NA
"06057","Nevada County, California","B03001_002","Not Hispanic","Not Hispanic or Latino",92120,NA
"06057","Nevada County, California","B03001_004","Latino","Mexican",7055,644
"06057","Nevada County, California","B03001_005","Latino","Puerto Rican",454,276
"06057","Nevada County, California","B03001_006","Latino","Cuban",160,121
"06057","Nevada County, California","B03001_007","Latino","Dominican (Dominican Republic)",60,63
"06057","Nevada County, California","B03001_009","Latino","Costa Rican",0,31
"06057","Nevada County, California","B03001_010","Latino","Guatemalan",209,179
"06057","Nevada County, California","B03001_011","Latino","Honduran",1,5
"06057","Nevada County, California","B03001_012","Latino","Nicaraguan",0,31
"06057","Nevada County, California","B03001_013","Latino","Panamanian",0,31
"06057","Nevada County, California","B03001_014","Latino","Salvadoran",205,150
"06057","Nevada County, California","B03001_015","Latino","Other Central American",0,31
"06057","Nevada County, California","B03001_017","Latino","Argentinean",60,81
"06057","Nevada County, California","B03001_018","Latino","Bolivian",0,31
"06057","Nevada County, California","B03001_019","Latino","Chilean",88,136
"06057","Nevada County, California","B03001_020","Latino","Colombian",166,136
"06057","Nevada County, California","B03001_021","Latino","Ecuadorian",0,31
"06057","Nevada County, California","B03001_022","Latino","Paraguayan",0,31
"06057","Nevada County, California","B03001_023","Latino","Peruvian",89,73
"06057","Nevada County, California","B03001_024","Latino","Uruguayan",0,31
"06057","Nevada County, California","B03001_025","Latino","Venezuelan",0,31
"06057","Nevada County, California","B03001_026","Latino","Other South American",0,31
"06057","Nevada County, California","B03001_028","Latino","Spaniard",566,221
"06057","Nevada County, California","B03001_029","Latino","Spanish",662,245
"06057","Nevada County, California","B03001_030","Latino","Spanish American",5,9
"06057","Nevada County, California","B03001_031","Latino","All other Hispanic or Latino",422,292
"06059","Orange County, California","B03001_001","Total","Total",3175227,NA
"06059","Orange County, California","B03001_002","Not Hispanic","Not Hispanic or Latino",2097860,NA
"06059","Orange County, California","B03001_004","Latino","Mexican",901233,6883
"06059","Orange County, California","B03001_005","Latino","Puerto Rican",13224,1438
"06059","Orange County, California","B03001_006","Latino","Cuban",9076,900
"06059","Orange County, California","B03001_007","Latino","Dominican (Dominican Republic)",1125,330
"06059","Orange County, California","B03001_009","Latino","Costa Rican",3291,1139
"06059","Orange County, California","B03001_010","Latino","Guatemalan",23117,2629
"06059","Orange County, California","B03001_011","Latino","Honduran",3687,685
"06059","Orange County, California","B03001_012","Latino","Nicaraguan",3769,791
"06059","Orange County, California","B03001_013","Latino","Panamanian",1299,547
"06059","Orange County, California","B03001_014","Latino","Salvadoran",35105,3896
"06059","Orange County, California","B03001_015","Latino","Other Central American",978,528
"06059","Orange County, California","B03001_017","Latino","Argentinean",6579,1262
"06059","Orange County, California","B03001_018","Latino","Bolivian",2763,646
"06059","Orange County, California","B03001_019","Latino","Chilean",2056,616
"06059","Orange County, California","B03001_020","Latino","Colombian",9466,1608
"06059","Orange County, California","B03001_021","Latino","Ecuadorian",4604,788
"06059","Orange County, California","B03001_022","Latino","Paraguayan",121,80
"06059","Orange County, California","B03001_023","Latino","Peruvian",8988,1125
"06059","Orange County, California","B03001_024","Latino","Uruguayan",862,573
"06059","Orange County, California","B03001_025","Latino","Venezuelan",2442,1200
"06059","Orange County, California","B03001_026","Latino","Other South American",834,380
"06059","Orange County, California","B03001_028","Latino","Spaniard",12675,1665
"06059","Orange County, California","B03001_029","Latino","Spanish",12747,1314
"06059","Orange County, California","B03001_030","Latino","Spanish American",393,191
"06059","Orange County, California","B03001_031","Latino","All other Hispanic or Latino",16933,1585
"06061","Placer County, California","B03001_001","Total","Total",406608,NA
"06061","Placer County, California","B03001_002","Not Hispanic","Not Hispanic or Latino",346139,NA
"06061","Placer County, California","B03001_004","Latino","Mexican",42207,1336
"06061","Placer County, California","B03001_005","Latino","Puerto Rican",2729,568
"06061","Placer County, California","B03001_006","Latino","Cuban",1151,420
"06061","Placer County, California","B03001_007","Latino","Dominican (Dominican Republic)",86,76
"06061","Placer County, California","B03001_009","Latino","Costa Rican",277,140
"06061","Placer County, California","B03001_010","Latino","Guatemalan",674,298
"06061","Placer County, California","B03001_011","Latino","Honduran",439,261
"06061","Placer County, California","B03001_012","Latino","Nicaraguan",552,226
"06061","Placer County, California","B03001_013","Latino","Panamanian",192,168
"06061","Placer County, California","B03001_014","Latino","Salvadoran",1718,630
"06061","Placer County, California","B03001_015","Latino","Other Central American",140,206
"06061","Placer County, California","B03001_017","Latino","Argentinean",228,136
"06061","Placer County, California","B03001_018","Latino","Bolivian",195,200
"06061","Placer County, California","B03001_019","Latino","Chilean",202,119
"06061","Placer County, California","B03001_020","Latino","Colombian",1039,432
"06061","Placer County, California","B03001_021","Latino","Ecuadorian",176,180
"06061","Placer County, California","B03001_022","Latino","Paraguayan",33,50
"06061","Placer County, California","B03001_023","Latino","Peruvian",1020,481
"06061","Placer County, California","B03001_024","Latino","Uruguayan",13,24
"06061","Placer County, California","B03001_025","Latino","Venezuelan",349,260
"06061","Placer County, California","B03001_026","Latino","Other South American",36,58
"06061","Placer County, California","B03001_028","Latino","Spaniard",2665,471
"06061","Placer County, California","B03001_029","Latino","Spanish",2626,629
"06061","Placer County, California","B03001_030","Latino","Spanish American",57,44
"06061","Placer County, California","B03001_031","Latino","All other Hispanic or Latino",1665,398
"06063","Plumas County, California","B03001_001","Total","Total",19650,NA
"06063","Plumas County, California","B03001_002","Not Hispanic","Not Hispanic or Latino",17691,NA
"06063","Plumas County, California","B03001_004","Latino","Mexican",1344,211
"06063","Plumas County, California","B03001_005","Latino","Puerto Rican",104,95
"06063","Plumas County, California","B03001_006","Latino","Cuban",0,21
"06063","Plumas County, California","B03001_007","Latino","Dominican (Dominican Republic)",0,21
"06063","Plumas County, California","B03001_009","Latino","Costa Rican",0,21
"06063","Plumas County, California","B03001_010","Latino","Guatemalan",0,21
"06063","Plumas County, California","B03001_011","Latino","Honduran",0,21
"06063","Plumas County, California","B03001_012","Latino","Nicaraguan",0,21
"06063","Plumas County, California","B03001_013","Latino","Panamanian",0,21
"06063","Plumas County, California","B03001_014","Latino","Salvadoran",124,106
"06063","Plumas County, California","B03001_015","Latino","Other Central American",0,21
"06063","Plumas County, California","B03001_017","Latino","Argentinean",0,21
"06063","Plumas County, California","B03001_018","Latino","Bolivian",0,21
"06063","Plumas County, California","B03001_019","Latino","Chilean",0,21
"06063","Plumas County, California","B03001_020","Latino","Colombian",0,21
"06063","Plumas County, California","B03001_021","Latino","Ecuadorian",24,36
"06063","Plumas County, California","B03001_022","Latino","Paraguayan",0,21
"06063","Plumas County, California","B03001_023","Latino","Peruvian",4,7
"06063","Plumas County, California","B03001_024","Latino","Uruguayan",0,21
"06063","Plumas County, California","B03001_025","Latino","Venezuelan",18,29
"06063","Plumas County, California","B03001_026","Latino","Other South American",0,21
"06063","Plumas County, California","B03001_028","Latino","Spaniard",138,106
"06063","Plumas County, California","B03001_029","Latino","Spanish",101,78
"06063","Plumas County, California","B03001_030","Latino","Spanish American",0,21
"06063","Plumas County, California","B03001_031","Latino","All other Hispanic or Latino",102,128
"06065","Riverside County, California","B03001_001","Total","Total",2429487,NA
"06065","Riverside County, California","B03001_002","Not Hispanic","Not Hispanic or Latino",1196210,NA
"06065","Riverside County, California","B03001_004","Latino","Mexican",1074125,5085
"06065","Riverside County, California","B03001_005","Latino","Puerto Rican",16438,1635
"06065","Riverside County, California","B03001_006","Latino","Cuban",9009,1311
"06065","Riverside County, California","B03001_007","Latino","Dominican (Dominican Republic)",2358,833
"06065","Riverside County, California","B03001_009","Latino","Costa Rican",1870,578
"06065","Riverside County, California","B03001_010","Latino","Guatemalan",23893,2145
"06065","Riverside County, California","B03001_011","Latino","Honduran",4103,942
"06065","Riverside County, California","B03001_012","Latino","Nicaraguan",5650,1087
"06065","Riverside County, California","B03001_013","Latino","Panamanian",2353,822
"06065","Riverside County, California","B03001_014","Latino","Salvadoran",28778,2592
"06065","Riverside County, California","B03001_015","Latino","Other Central American",293,205
"06065","Riverside County, California","B03001_017","Latino","Argentinean",2475,583
"06065","Riverside County, California","B03001_018","Latino","Bolivian",1020,552
"06065","Riverside County, California","B03001_019","Latino","Chilean",994,338
"06065","Riverside County, California","B03001_020","Latino","Colombian",8496,1984
"06065","Riverside County, California","B03001_021","Latino","Ecuadorian",1928,508
"06065","Riverside County, California","B03001_022","Latino","Paraguayan",34,48
"06065","Riverside County, California","B03001_023","Latino","Peruvian",5255,1004
"06065","Riverside County, California","B03001_024","Latino","Uruguayan",259,214
"06065","Riverside County, California","B03001_025","Latino","Venezuelan",1584,776
"06065","Riverside County, California","B03001_026","Latino","Other South American",351,253
"06065","Riverside County, California","B03001_028","Latino","Spaniard",11007,1434
"06065","Riverside County, California","B03001_029","Latino","Spanish",9295,1262
"06065","Riverside County, California","B03001_030","Latino","Spanish American",623,399
"06065","Riverside County, California","B03001_031","Latino","All other Hispanic or Latino",21086,2096
"06067","Sacramento County, California","B03001_001","Total","Total",1579211,NA
"06067","Sacramento County, California","B03001_002","Not Hispanic","Not Hispanic or Latino",1200861,NA
"06067","Sacramento County, California","B03001_004","Latino","Mexican",306608,3533
"06067","Sacramento County, California","B03001_005","Latino","Puerto Rican",11960,1600
"06067","Sacramento County, California","B03001_006","Latino","Cuban",2222,530
"06067","Sacramento County, California","B03001_007","Latino","Dominican (Dominican Republic)",864,359
"06067","Sacramento County, California","B03001_009","Latino","Costa Rican",892,309
"06067","Sacramento County, California","B03001_010","Latino","Guatemalan",5854,1119
"06067","Sacramento County, California","B03001_011","Latino","Honduran",1377,464
"06067","Sacramento County, California","B03001_012","Latino","Nicaraguan",3545,805
"06067","Sacramento County, California","B03001_013","Latino","Panamanian",1238,447
"06067","Sacramento County, California","B03001_014","Latino","Salvadoran",10206,1772
"06067","Sacramento County, California","B03001_015","Latino","Other Central American",17,20
"06067","Sacramento County, California","B03001_017","Latino","Argentinean",719,263
"06067","Sacramento County, California","B03001_018","Latino","Bolivian",407,186
"06067","Sacramento County, California","B03001_019","Latino","Chilean",570,229
"06067","Sacramento County, California","B03001_020","Latino","Colombian",2557,604
"06067","Sacramento County, California","B03001_021","Latino","Ecuadorian",961,359
"06067","Sacramento County, California","B03001_022","Latino","Paraguayan",42,51
"06067","Sacramento County, California","B03001_023","Latino","Peruvian",2686,728
"06067","Sacramento County, California","B03001_024","Latino","Uruguayan",16,17
"06067","Sacramento County, California","B03001_025","Latino","Venezuelan",858,371
"06067","Sacramento County, California","B03001_026","Latino","Other South American",22,27
"06067","Sacramento County, California","B03001_028","Latino","Spaniard",9603,1275
"06067","Sacramento County, California","B03001_029","Latino","Spanish",6648,940
"06067","Sacramento County, California","B03001_030","Latino","Spanish American",336,176
"06067","Sacramento County, California","B03001_031","Latino","All other Hispanic or Latino",8142,1348
"06069","San Benito County, California","B03001_001","Total","Total",64753,NA
"06069","San Benito County, California","B03001_002","Not Hispanic","Not Hispanic or Latino",24985,NA
"06069","San Benito County, California","B03001_004","Latino","Mexican",35340,915
"06069","San Benito County, California","B03001_005","Latino","Puerto Rican",792,528
"06069","San Benito County, California","B03001_006","Latino","Cuban",75,88
"06069","San Benito County, California","B03001_007","Latino","Dominican (Dominican Republic)",9,15
"06069","San Benito County, California","B03001_009","Latino","Costa Rican",76,109
"06069","San Benito County, California","B03001_010","Latino","Guatemalan",235,139
"06069","San Benito County, California","B03001_011","Latino","Honduran",180,245
"06069","San Benito County, California","B03001_012","Latino","Nicaraguan",0,31
"06069","San Benito County, California","B03001_013","Latino","Panamanian",22,28
"06069","San Benito County, California","B03001_014","Latino","Salvadoran",423,267
"06069","San Benito County, California","B03001_015","Latino","Other Central American",2,7
"06069","San Benito County, California","B03001_017","Latino","Argentinean",31,41
"06069","San Benito County, California","B03001_018","Latino","Bolivian",83,131
"06069","San Benito County, California","B03001_019","Latino","Chilean",7,12
"06069","San Benito County, California","B03001_020","Latino","Colombian",61,48
"06069","San Benito County, California","B03001_021","Latino","Ecuadorian",37,44
"06069","San Benito County, California","B03001_022","Latino","Paraguayan",0,31
"06069","San Benito County, California","B03001_023","Latino","Peruvian",71,55
"06069","San Benito County, California","B03001_024","Latino","Uruguayan",0,31
"06069","San Benito County, California","B03001_025","Latino","Venezuelan",129,178
"06069","San Benito County, California","B03001_026","Latino","Other South American",0,31
"06069","San Benito County, California","B03001_028","Latino","Spaniard",1441,441
"06069","San Benito County, California","B03001_029","Latino","Spanish",287,123
"06069","San Benito County, California","B03001_030","Latino","Spanish American",0,31
"06069","San Benito County, California","B03001_031","Latino","All other Hispanic or Latino",467,267
"06071","San Bernardino County, California","B03001_001","Total","Total",2180563,NA
"06071","San Bernardino County, California","B03001_002","Not Hispanic","Not Hispanic or Latino",980416,NA
"06071","San Bernardino County, California","B03001_004","Latino","Mexican",1012610,5684
"06071","San Bernardino County, California","B03001_005","Latino","Puerto Rican",16862,1744
"06071","San Bernardino County, California","B03001_006","Latino","Cuban",7767,1254
"06071","San Bernardino County, California","B03001_007","Latino","Dominican (Dominican Republic)",907,343
"06071","San Bernardino County, California","B03001_009","Latino","Costa Rican",2230,735
"06071","San Bernardino County, California","B03001_010","Latino","Guatemalan",25001,2912
"06071","San Bernardino County, California","B03001_011","Latino","Honduran",7019,1417
"06071","San Bernardino County, California","B03001_012","Latino","Nicaraguan",9553,1613
"06071","San Bernardino County, California","B03001_013","Latino","Panamanian",832,352
"06071","San Bernardino County, California","B03001_014","Latino","Salvadoran",39864,3533
"06071","San Bernardino County, California","B03001_015","Latino","Other Central American",286,155
"06071","San Bernardino County, California","B03001_017","Latino","Argentinean",4354,1053
"06071","San Bernardino County, California","B03001_018","Latino","Bolivian",1034,470
"06071","San Bernardino County, California","B03001_019","Latino","Chilean",845,305
"06071","San Bernardino County, California","B03001_020","Latino","Colombian",4917,855
"06071","San Bernardino County, California","B03001_021","Latino","Ecuadorian",4271,963
"06071","San Bernardino County, California","B03001_022","Latino","Paraguayan",351,201
"06071","San Bernardino County, California","B03001_023","Latino","Peruvian",7055,1460
"06071","San Bernardino County, California","B03001_024","Latino","Uruguayan",87,71
"06071","San Bernardino County, California","B03001_025","Latino","Venezuelan",772,390
"06071","San Bernardino County, California","B03001_026","Latino","Other South American",57,46
"06071","San Bernardino County, California","B03001_028","Latino","Spaniard",11094,1664
"06071","San Bernardino County, California","B03001_029","Latino","Spanish",7167,987
"06071","San Bernardino County, California","B03001_030","Latino","Spanish American",327,183
"06071","San Bernardino County, California","B03001_031","Latino","All other Hispanic or Latino",34885,2650
"06073","San Diego County, California","B03001_001","Total","Total",3289701,NA
"06073","San Diego County, California","B03001_002","Not Hispanic","Not Hispanic or Latino",2155054,NA
"06073","San Diego County, California","B03001_004","Latino","Mexican",983086,5508
"06073","San Diego County, California","B03001_005","Latino","Puerto Rican",27674,2331
"06073","San Diego County, California","B03001_006","Latino","Cuban",8024,1039
"06073","San Diego County, California","B03001_007","Latino","Dominican (Dominican Republic)",3797,811
"06073","San Diego County, California","B03001_009","Latino","Costa Rican",1646,376
"06073","San Diego County, California","B03001_010","Latino","Guatemalan",13617,2495
"06073","San Diego County, California","B03001_011","Latino","Honduran",2619,702
"06073","San Diego County, California","B03001_012","Latino","Nicaraguan",2844,719
"06073","San Diego County, California","B03001_013","Latino","Panamanian",3300,831
"06073","San Diego County, California","B03001_014","Latino","Salvadoran",9634,1087
"06073","San Diego County, California","B03001_015","Latino","Other Central American",669,379
"06073","San Diego County, California","B03001_017","Latino","Argentinean",3251,691
"06073","San Diego County, California","B03001_018","Latino","Bolivian",839,287
"06073","San Diego County, California","B03001_019","Latino","Chilean",3914,1260
"06073","San Diego County, California","B03001_020","Latino","Colombian",8981,1454
"06073","San Diego County, California","B03001_021","Latino","Ecuadorian",3097,740
"06073","San Diego County, California","B03001_022","Latino","Paraguayan",88,58
"06073","San Diego County, California","B03001_023","Latino","Peruvian",7168,1012
"06073","San Diego County, California","B03001_024","Latino","Uruguayan",565,289
"06073","San Diego County, California","B03001_025","Latino","Venezuelan",2282,637
"06073","San Diego County, California","B03001_026","Latino","Other South American",266,151
"06073","San Diego County, California","B03001_028","Latino","Spaniard",15160,1705
"06073","San Diego County, California","B03001_029","Latino","Spanish",12875,1895
"06073","San Diego County, California","B03001_030","Latino","Spanish American",277,148
"06073","San Diego County, California","B03001_031","Latino","All other Hispanic or Latino",18974,2142
"06075","San Francisco County, California","B03001_001","Total","Total",851036,NA
"06075","San Francisco County, California","B03001_002","Not Hispanic","Not Hispanic or Latino",719519,NA
"06075","San Francisco County, California","B03001_004","Latino","Mexican",65389,2072
"06075","San Francisco County, California","B03001_005","Latino","Puerto Rican",6022,895
"06075","San Francisco County, California","B03001_006","Latino","Cuban",2127,445
"06075","San Francisco County, California","B03001_007","Latino","Dominican (Dominican Republic)",306,122
"06075","San Francisco County, California","B03001_009","Latino","Costa Rican",595,213
"06075","San Francisco County, California","B03001_010","Latino","Guatemalan",5978,1093
"06075","San Francisco County, California","B03001_011","Latino","Honduran",3132,858
"06075","San Francisco County, California","B03001_012","Latino","Nicaraguan",7391,1068
"06075","San Francisco County, California","B03001_013","Latino","Panamanian",674,363
"06075","San Francisco County, California","B03001_014","Latino","Salvadoran",16448,1818
"06075","San Francisco County, California","B03001_015","Latino","Other Central American",204,157
"06075","San Francisco County, California","B03001_017","Latino","Argentinean",1335,535
"06075","San Francisco County, California","B03001_018","Latino","Bolivian",233,168
"06075","San Francisco County, California","B03001_019","Latino","Chilean",858,305
"06075","San Francisco County, California","B03001_020","Latino","Colombian",2295,628
"06075","San Francisco County, California","B03001_021","Latino","Ecuadorian",681,253
"06075","San Francisco County, California","B03001_022","Latino","Paraguayan",134,144
"06075","San Francisco County, California","B03001_023","Latino","Peruvian",4248,914
"06075","San Francisco County, California","B03001_024","Latino","Uruguayan",333,325
"06075","San Francisco County, California","B03001_025","Latino","Venezuelan",1111,445
"06075","San Francisco County, California","B03001_026","Latino","Other South American",91,76
"06075","San Francisco County, California","B03001_028","Latino","Spaniard",3726,587
"06075","San Francisco County, California","B03001_029","Latino","Spanish",3092,828
"06075","San Francisco County, California","B03001_030","Latino","Spanish American",68,51
"06075","San Francisco County, California","B03001_031","Latino","All other Hispanic or Latino",5046,749
"06077","San Joaquin County, California","B03001_001","Total","Total",779445,NA
"06077","San Joaquin County, California","B03001_002","Not Hispanic","Not Hispanic or Latino",448063,NA
"06077","San Joaquin County, California","B03001_004","Latino","Mexican",292596,2567
"06077","San Joaquin County, California","B03001_005","Latino","Puerto Rican",5783,1009
"06077","San Joaquin County, California","B03001_006","Latino","Cuban",1096,765
"06077","San Joaquin County, California","B03001_007","Latino","Dominican (Dominican Republic)",190,166
"06077","San Joaquin County, California","B03001_009","Latino","Costa Rican",98,90
"06077","San Joaquin County, California","B03001_010","Latino","Guatemalan",3636,793
"06077","San Joaquin County, California","B03001_011","Latino","Honduran",1054,482
"06077","San Joaquin County, California","B03001_012","Latino","Nicaraguan",2450,735
"06077","San Joaquin County, California","B03001_013","Latino","Panamanian",315,235
"06077","San Joaquin County, California","B03001_014","Latino","Salvadoran",6695,1503
"06077","San Joaquin County, California","B03001_015","Latino","Other Central American",111,93
"06077","San Joaquin County, California","B03001_017","Latino","Argentinean",399,253
"06077","San Joaquin County, California","B03001_018","Latino","Bolivian",109,104
"06077","San Joaquin County, California","B03001_019","Latino","Chilean",264,107
"06077","San Joaquin County, California","B03001_020","Latino","Colombian",882,414
"06077","San Joaquin County, California","B03001_021","Latino","Ecuadorian",326,225
"06077","San Joaquin County, California","B03001_022","Latino","Paraguayan",0,31
"06077","San Joaquin County, California","B03001_023","Latino","Peruvian",1241,439
"06077","San Joaquin County, California","B03001_024","Latino","Uruguayan",148,149
"06077","San Joaquin County, California","B03001_025","Latino","Venezuelan",324,184
"06077","San Joaquin County, California","B03001_026","Latino","Other South American",6,8
"06077","San Joaquin County, California","B03001_028","Latino","Spaniard",3761,713
"06077","San Joaquin County, California","B03001_029","Latino","Spanish",4829,1241
"06077","San Joaquin County, California","B03001_030","Latino","Spanish American",79,111
"06077","San Joaquin County, California","B03001_031","Latino","All other Hispanic or Latino",4990,893
"06079","San Luis Obispo County, California","B03001_001","Total","Total",281712,NA
"06079","San Luis Obispo County, California","B03001_002","Not Hispanic","Not Hispanic or Latino",215766,NA
"06079","San Luis Obispo County, California","B03001_004","Latino","Mexican",56093,1097
"06079","San Luis Obispo County, California","B03001_005","Latino","Puerto Rican",1236,582
"06079","San Luis Obispo County, California","B03001_006","Latino","Cuban",411,187
"06079","San Luis Obispo County, California","B03001_007","Latino","Dominican (Dominican Republic)",23,36
"06079","San Luis Obispo County, California","B03001_009","Latino","Costa Rican",70,54
"06079","San Luis Obispo County, California","B03001_010","Latino","Guatemalan",724,417
"06079","San Luis Obispo County, California","B03001_011","Latino","Honduran",253,235
"06079","San Luis Obispo County, California","B03001_012","Latino","Nicaraguan",178,132
"06079","San Luis Obispo County, California","B03001_013","Latino","Panamanian",44,59
"06079","San Luis Obispo County, California","B03001_014","Latino","Salvadoran",582,306
"06079","San Luis Obispo County, California","B03001_015","Latino","Other Central American",0,31
"06079","San Luis Obispo County, California","B03001_017","Latino","Argentinean",264,142
"06079","San Luis Obispo County, California","B03001_018","Latino","Bolivian",0,31
"06079","San Luis Obispo County, California","B03001_019","Latino","Chilean",47,66
"06079","San Luis Obispo County, California","B03001_020","Latino","Colombian",468,236
"06079","San Luis Obispo County, California","B03001_021","Latino","Ecuadorian",106,76
"06079","San Luis Obispo County, California","B03001_022","Latino","Paraguayan",0,31
"06079","San Luis Obispo County, California","B03001_023","Latino","Peruvian",286,121
"06079","San Luis Obispo County, California","B03001_024","Latino","Uruguayan",0,31
"06079","San Luis Obispo County, California","B03001_025","Latino","Venezuelan",46,50
"06079","San Luis Obispo County, California","B03001_026","Latino","Other South American",99,105
"06079","San Luis Obispo County, California","B03001_028","Latino","Spaniard",1774,471
"06079","San Luis Obispo County, California","B03001_029","Latino","Spanish",1636,435
"06079","San Luis Obispo County, California","B03001_030","Latino","Spanish American",0,31
"06079","San Luis Obispo County, California","B03001_031","Latino","All other Hispanic or Latino",1606,474
"06081","San Mateo County, California","B03001_001","Total","Total",754250,NA
"06081","San Mateo County, California","B03001_002","Not Hispanic","Not Hispanic or Latino",573857,NA
"06081","San Mateo County, California","B03001_004","Latino","Mexican",106757,2843
"06081","San Mateo County, California","B03001_005","Latino","Puerto Rican",3508,643
"06081","San Mateo County, California","B03001_006","Latino","Cuban",1810,528
"06081","San Mateo County, California","B03001_007","Latino","Dominican (Dominican Republic)",288,174
"06081","San Mateo County, California","B03001_009","Latino","Costa Rican",431,290
"06081","San Mateo County, California","B03001_010","Latino","Guatemalan",10439,1482
"06081","San Mateo County, California","B03001_011","Latino","Honduran",1370,800
"06081","San Mateo County, California","B03001_012","Latino","Nicaraguan",8863,1318
"06081","San Mateo County, California","B03001_013","Latino","Panamanian",670,434
"06081","San Mateo County, California","B03001_014","Latino","Salvadoran",22856,2111
"06081","San Mateo County, California","B03001_015","Latino","Other Central American",299,243
"06081","San Mateo County, California","B03001_017","Latino","Argentinean",1058,279
"06081","San Mateo County, California","B03001_018","Latino","Bolivian",498,224
"06081","San Mateo County, California","B03001_019","Latino","Chilean",1106,354
"06081","San Mateo County, California","B03001_020","Latino","Colombian",2142,573
"06081","San Mateo County, California","B03001_021","Latino","Ecuadorian",742,272
"06081","San Mateo County, California","B03001_022","Latino","Paraguayan",25,35
"06081","San Mateo County, California","B03001_023","Latino","Peruvian",5153,1055
"06081","San Mateo County, California","B03001_024","Latino","Uruguayan",111,81
"06081","San Mateo County, California","B03001_025","Latino","Venezuelan",448,169
"06081","San Mateo County, California","B03001_026","Latino","Other South American",56,47
"06081","San Mateo County, California","B03001_028","Latino","Spaniard",4276,699
"06081","San Mateo County, California","B03001_029","Latino","Spanish",2344,455
"06081","San Mateo County, California","B03001_030","Latino","Spanish American",106,66
"06081","San Mateo County, California","B03001_031","Latino","All other Hispanic or Latino",5037,1107
"06083","Santa Barbara County, California","B03001_001","Total","Total",445213,NA
"06083","Santa Barbara County, California","B03001_002","Not Hispanic","Not Hispanic or Latino",237637,NA
"06083","Santa Barbara County, California","B03001_004","Latino","Mexican",185637,2214
"06083","Santa Barbara County, California","B03001_005","Latino","Puerto Rican",1847,520
"06083","Santa Barbara County, California","B03001_006","Latino","Cuban",555,212
"06083","Santa Barbara County, California","B03001_007","Latino","Dominican (Dominican Republic)",47,35
"06083","Santa Barbara County, California","B03001_009","Latino","Costa Rican",161,99
"06083","Santa Barbara County, California","B03001_010","Latino","Guatemalan",2936,1119
"06083","Santa Barbara County, California","B03001_011","Latino","Honduran",899,358
"06083","Santa Barbara County, California","B03001_012","Latino","Nicaraguan",270,120
"06083","Santa Barbara County, California","B03001_013","Latino","Panamanian",37,51
"06083","Santa Barbara County, California","B03001_014","Latino","Salvadoran",3082,1047
"06083","Santa Barbara County, California","B03001_015","Latino","Other Central American",25,29
"06083","Santa Barbara County, California","B03001_017","Latino","Argentinean",563,188
"06083","Santa Barbara County, California","B03001_018","Latino","Bolivian",187,196
"06083","Santa Barbara County, California","B03001_019","Latino","Chilean",328,268
"06083","Santa Barbara County, California","B03001_020","Latino","Colombian",1373,711
"06083","Santa Barbara County, California","B03001_021","Latino","Ecuadorian",197,104
"06083","Santa Barbara County, California","B03001_022","Latino","Paraguayan",0,31
"06083","Santa Barbara County, California","B03001_023","Latino","Peruvian",622,177
"06083","Santa Barbara County, California","B03001_024","Latino","Uruguayan",9,14
"06083","Santa Barbara County, California","B03001_025","Latino","Venezuelan",634,355
"06083","Santa Barbara County, California","B03001_026","Latino","Other South American",100,90
"06083","Santa Barbara County, California","B03001_028","Latino","Spaniard",1885,449
"06083","Santa Barbara County, California","B03001_029","Latino","Spanish",1825,415
"06083","Santa Barbara County, California","B03001_030","Latino","Spanish American",93,109
"06083","Santa Barbara County, California","B03001_031","Latino","All other Hispanic or Latino",4264,866
"06085","Santa Clara County, California","B03001_001","Total","Total",1916831,NA
"06085","Santa Clara County, California","B03001_002","Not Hispanic","Not Hispanic or Latino",1440479,NA
"06085","Santa Clara County, California","B03001_004","Latino","Mexican",386049,3876
"06085","Santa Clara County, California","B03001_005","Latino","Puerto Rican",8798,1310
"06085","Santa Clara County, California","B03001_006","Latino","Cuban",3284,705
"06085","Santa Clara County, California","B03001_007","Latino","Dominican (Dominican Republic)",725,284
"06085","Santa Clara County, California","B03001_009","Latino","Costa Rican",1174,486
"06085","Santa Clara County, California","B03001_010","Latino","Guatemalan",7416,1620
"06085","Santa Clara County, California","B03001_011","Latino","Honduran",4104,953
"06085","Santa Clara County, California","B03001_012","Latino","Nicaraguan",4713,729
"06085","Santa Clara County, California","B03001_013","Latino","Panamanian",845,370
"06085","Santa Clara County, California","B03001_014","Latino","Salvadoran",15502,1711
"06085","Santa Clara County, California","B03001_015","Latino","Other Central American",196,163
"06085","Santa Clara County, California","B03001_017","Latino","Argentinean",2902,820
"06085","Santa Clara County, California","B03001_018","Latino","Bolivian",631,221
"06085","Santa Clara County, California","B03001_019","Latino","Chilean",2349,606
"06085","Santa Clara County, California","B03001_020","Latino","Colombian",5974,1186
"06085","Santa Clara County, California","B03001_021","Latino","Ecuadorian",922,315
"06085","Santa Clara County, California","B03001_022","Latino","Paraguayan",68,63
"06085","Santa Clara County, California","B03001_023","Latino","Peruvian",5402,829
"06085","Santa Clara County, California","B03001_024","Latino","Uruguayan",191,134
"06085","Santa Clara County, California","B03001_025","Latino","Venezuelan",1454,455
"06085","Santa Clara County, California","B03001_026","Latino","Other South American",138,123
"06085","Santa Clara County, California","B03001_028","Latino","Spaniard",8164,1040
"06085","Santa Clara County, California","B03001_029","Latino","Spanish",5792,804
"06085","Santa Clara County, California","B03001_030","Latino","Spanish American",129,85
"06085","Santa Clara County, California","B03001_031","Latino","All other Hispanic or Latino",9430,1242
"06087","Santa Cruz County, California","B03001_001","Total","Total",268571,NA
"06087","Santa Cruz County, California","B03001_002","Not Hispanic","Not Hispanic or Latino",176648,NA
"06087","Santa Cruz County, California","B03001_004","Latino","Mexican",80806,1144
"06087","Santa Cruz County, California","B03001_005","Latino","Puerto Rican",1029,301
"06087","Santa Cruz County, California","B03001_006","Latino","Cuban",690,271
"06087","Santa Cruz County, California","B03001_007","Latino","Dominican (Dominican Republic)",56,48
"06087","Santa Cruz County, California","B03001_009","Latino","Costa Rican",120,107
"06087","Santa Cruz County, California","B03001_010","Latino","Guatemalan",582,334
"06087","Santa Cruz County, California","B03001_011","Latino","Honduran",147,174
"06087","Santa Cruz County, California","B03001_012","Latino","Nicaraguan",370,168
"06087","Santa Cruz County, California","B03001_013","Latino","Panamanian",174,166
"06087","Santa Cruz County, California","B03001_014","Latino","Salvadoran",1817,546
"06087","Santa Cruz County, California","B03001_015","Latino","Other Central American",54,59
"06087","Santa Cruz County, California","B03001_017","Latino","Argentinean",251,134
"06087","Santa Cruz County, California","B03001_018","Latino","Bolivian",17,19
"06087","Santa Cruz County, California","B03001_019","Latino","Chilean",196,112
"06087","Santa Cruz County, California","B03001_020","Latino","Colombian",222,115
"06087","Santa Cruz County, California","B03001_021","Latino","Ecuadorian",114,121
"06087","Santa Cruz County, California","B03001_022","Latino","Paraguayan",0,31
"06087","Santa Cruz County, California","B03001_023","Latino","Peruvian",466,243
"06087","Santa Cruz County, California","B03001_024","Latino","Uruguayan",26,34
"06087","Santa Cruz County, California","B03001_025","Latino","Venezuelan",155,122
"06087","Santa Cruz County, California","B03001_026","Latino","Other South American",0,31
"06087","Santa Cruz County, California","B03001_028","Latino","Spaniard",1241,353
"06087","Santa Cruz County, California","B03001_029","Latino","Spanish",1084,292
"06087","Santa Cruz County, California","B03001_030","Latino","Spanish American",37,59
"06087","Santa Cruz County, California","B03001_031","Latino","All other Hispanic or Latino",2269,585
"06089","Shasta County, California","B03001_001","Total","Total",181852,NA
"06089","Shasta County, California","B03001_002","Not Hispanic","Not Hispanic or Latino",161864,NA
"06089","Shasta County, California","B03001_004","Latino","Mexican",14571,736
"06089","Shasta County, California","B03001_005","Latino","Puerto Rican",729,281
"06089","Shasta County, California","B03001_006","Latino","Cuban",160,94
"06089","Shasta County, California","B03001_007","Latino","Dominican (Dominican Republic)",7,13
"06089","Shasta County, California","B03001_009","Latino","Costa Rican",139,146
"06089","Shasta County, California","B03001_010","Latino","Guatemalan",159,133
"06089","Shasta County, California","B03001_011","Latino","Honduran",23,29
"06089","Shasta County, California","B03001_012","Latino","Nicaraguan",331,231
"06089","Shasta County, California","B03001_013","Latino","Panamanian",252,198
"06089","Shasta County, California","B03001_014","Latino","Salvadoran",175,104
"06089","Shasta County, California","B03001_015","Latino","Other Central American",0,31
"06089","Shasta County, California","B03001_017","Latino","Argentinean",31,31
"06089","Shasta County, California","B03001_018","Latino","Bolivian",46,68
"06089","Shasta County, California","B03001_019","Latino","Chilean",39,45
"06089","Shasta County, California","B03001_020","Latino","Colombian",158,104
"06089","Shasta County, California","B03001_021","Latino","Ecuadorian",5,9
"06089","Shasta County, California","B03001_022","Latino","Paraguayan",9,15
"06089","Shasta County, California","B03001_023","Latino","Peruvian",129,130
"06089","Shasta County, California","B03001_024","Latino","Uruguayan",0,31
"06089","Shasta County, California","B03001_025","Latino","Venezuelan",14,20
"06089","Shasta County, California","B03001_026","Latino","Other South American",0,31
"06089","Shasta County, California","B03001_028","Latino","Spaniard",1380,378
"06089","Shasta County, California","B03001_029","Latino","Spanish",753,303
"06089","Shasta County, California","B03001_030","Latino","Spanish American",0,31
"06089","Shasta County, California","B03001_031","Latino","All other Hispanic or Latino",878,372
"06091","Sierra County, California","B03001_001","Total","Total",2916,206
"06091","Sierra County, California","B03001_002","Not Hispanic","Not Hispanic or Latino",2584,174
"06091","Sierra County, California","B03001_004","Latino","Mexican",306,141
"06091","Sierra County, California","B03001_005","Latino","Puerto Rican",0,13
"06091","Sierra County, California","B03001_006","Latino","Cuban",0,13
"06091","Sierra County, California","B03001_007","Latino","Dominican (Dominican Republic)",0,13
"06091","Sierra County, California","B03001_009","Latino","Costa Rican",0,13
"06091","Sierra County, California","B03001_010","Latino","Guatemalan",0,13
"06091","Sierra County, California","B03001_011","Latino","Honduran",0,13
"06091","Sierra County, California","B03001_012","Latino","Nicaraguan",0,13
"06091","Sierra County, California","B03001_013","Latino","Panamanian",0,13
"06091","Sierra County, California","B03001_014","Latino","Salvadoran",8,3
"06091","Sierra County, California","B03001_015","Latino","Other Central American",0,13
"06091","Sierra County, California","B03001_017","Latino","Argentinean",0,13
"06091","Sierra County, California","B03001_018","Latino","Bolivian",0,13
"06091","Sierra County, California","B03001_019","Latino","Chilean",0,13
"06091","Sierra County, California","B03001_020","Latino","Colombian",0,13
"06091","Sierra County, California","B03001_021","Latino","Ecuadorian",0,13
"06091","Sierra County, California","B03001_022","Latino","Paraguayan",0,13
"06091","Sierra County, California","B03001_023","Latino","Peruvian",0,13
"06091","Sierra County, California","B03001_024","Latino","Uruguayan",0,13
"06091","Sierra County, California","B03001_025","Latino","Venezuelan",0,13
"06091","Sierra County, California","B03001_026","Latino","Other South American",0,13
"06091","Sierra County, California","B03001_028","Latino","Spaniard",0,13
"06091","Sierra County, California","B03001_029","Latino","Spanish",18,32
"06091","Sierra County, California","B03001_030","Latino","Spanish American",0,13
"06091","Sierra County, California","B03001_031","Latino","All other Hispanic or Latino",0,13
"06093","Siskiyou County, California","B03001_001","Total","Total",44049,NA
"06093","Siskiyou County, California","B03001_002","Not Hispanic","Not Hispanic or Latino",38092,NA
"06093","Siskiyou County, California","B03001_004","Latino","Mexican",4775,232
"06093","Siskiyou County, California","B03001_005","Latino","Puerto Rican",258,110
"06093","Siskiyou County, California","B03001_006","Latino","Cuban",82,65
"06093","Siskiyou County, California","B03001_007","Latino","Dominican (Dominican Republic)",2,4
"06093","Siskiyou County, California","B03001_009","Latino","Costa Rican",2,5
"06093","Siskiyou County, California","B03001_010","Latino","Guatemalan",76,65
"06093","Siskiyou County, California","B03001_011","Latino","Honduran",2,3
"06093","Siskiyou County, California","B03001_012","Latino","Nicaraguan",36,48
"06093","Siskiyou County, California","B03001_013","Latino","Panamanian",0,28
"06093","Siskiyou County, California","B03001_014","Latino","Salvadoran",192,161
"06093","Siskiyou County, California","B03001_015","Latino","Other Central American",5,10
"06093","Siskiyou County, California","B03001_017","Latino","Argentinean",7,6
"06093","Siskiyou County, California","B03001_018","Latino","Bolivian",20,34
"06093","Siskiyou County, California","B03001_019","Latino","Chilean",14,19
"06093","Siskiyou County, California","B03001_020","Latino","Colombian",3,7
"06093","Siskiyou County, California","B03001_021","Latino","Ecuadorian",0,28
"06093","Siskiyou County, California","B03001_022","Latino","Paraguayan",0,28
"06093","Siskiyou County, California","B03001_023","Latino","Peruvian",61,55
"06093","Siskiyou County, California","B03001_024","Latino","Uruguayan",7,12
"06093","Siskiyou County, California","B03001_025","Latino","Venezuelan",0,28
"06093","Siskiyou County, California","B03001_026","Latino","Other South American",0,28
"06093","Siskiyou County, California","B03001_028","Latino","Spaniard",146,68
"06093","Siskiyou County, California","B03001_029","Latino","Spanish",172,91
"06093","Siskiyou County, California","B03001_030","Latino","Spanish American",0,28
"06093","Siskiyou County, California","B03001_031","Latino","All other Hispanic or Latino",97,63
"06095","Solano County, California","B03001_001","Total","Total",450995,NA
"06095","Solano County, California","B03001_002","Not Hispanic","Not Hispanic or Latino",324797,NA
"06095","Solano County, California","B03001_004","Latino","Mexican",94873,2265
"06095","Solano County, California","B03001_005","Latino","Puerto Rican",4986,892
"06095","Solano County, California","B03001_006","Latino","Cuban",783,406
"06095","Solano County, California","B03001_007","Latino","Dominican (Dominican Republic)",488,344
"06095","Solano County, California","B03001_009","Latino","Costa Rican",53,48
"06095","Solano County, California","B03001_010","Latino","Guatemalan",2735,817
"06095","Solano County, California","B03001_011","Latino","Honduran",373,209
"06095","Solano County, California","B03001_012","Latino","Nicaraguan",2126,516
"06095","Solano County, California","B03001_013","Latino","Panamanian",361,154
"06095","Solano County, California","B03001_014","Latino","Salvadoran",6825,1408
"06095","Solano County, California","B03001_015","Latino","Other Central American",18,135
"06095","Solano County, California","B03001_017","Latino","Argentinean",125,64
"06095","Solano County, California","B03001_018","Latino","Bolivian",154,134
"06095","Solano County, California","B03001_019","Latino","Chilean",528,351
"06095","Solano County, California","B03001_020","Latino","Colombian",633,216
"06095","Solano County, California","B03001_021","Latino","Ecuadorian",192,147
"06095","Solano County, California","B03001_022","Latino","Paraguayan",1,6
"06095","Solano County, California","B03001_023","Latino","Peruvian",1238,391
"06095","Solano County, California","B03001_024","Latino","Uruguayan",260,350
"06095","Solano County, California","B03001_025","Latino","Venezuelan",331,162
"06095","Solano County, California","B03001_026","Latino","Other South American",101,86
"06095","Solano County, California","B03001_028","Latino","Spaniard",3426,882
"06095","Solano County, California","B03001_029","Latino","Spanish",2337,450
"06095","Solano County, California","B03001_030","Latino","Spanish American",25,27
"06095","Solano County, California","B03001_031","Latino","All other Hispanic or Latino",3226,860
"06097","Sonoma County, California","B03001_001","Total","Total",488436,NA
"06097","Sonoma County, California","B03001_002","Not Hispanic","Not Hispanic or Latino",351822,NA
"06097","Sonoma County, California","B03001_004","Latino","Mexican",110609,2177
"06097","Sonoma County, California","B03001_005","Latino","Puerto Rican",2255,700
"06097","Sonoma County, California","B03001_006","Latino","Cuban",1043,452
"06097","Sonoma County, California","B03001_007","Latino","Dominican (Dominican Republic)",45,52
"06097","Sonoma County, California","B03001_009","Latino","Costa Rican",251,128
"06097","Sonoma County, California","B03001_010","Latino","Guatemalan",1940,682
"06097","Sonoma County, California","B03001_011","Latino","Honduran",579,356
"06097","Sonoma County, California","B03001_012","Latino","Nicaraguan",1009,250
"06097","Sonoma County, California","B03001_013","Latino","Panamanian",252,180
"06097","Sonoma County, California","B03001_014","Latino","Salvadoran",4546,779
"06097","Sonoma County, California","B03001_015","Latino","Other Central American",120,146
"06097","Sonoma County, California","B03001_017","Latino","Argentinean",767,332
"06097","Sonoma County, California","B03001_018","Latino","Bolivian",47,40
"06097","Sonoma County, California","B03001_019","Latino","Chilean",260,172
"06097","Sonoma County, California","B03001_020","Latino","Colombian",1228,425
"06097","Sonoma County, California","B03001_021","Latino","Ecuadorian",373,258
"06097","Sonoma County, California","B03001_022","Latino","Paraguayan",0,31
"06097","Sonoma County, California","B03001_023","Latino","Peruvian",691,341
"06097","Sonoma County, California","B03001_024","Latino","Uruguayan",25,37
"06097","Sonoma County, California","B03001_025","Latino","Venezuelan",79,70
"06097","Sonoma County, California","B03001_026","Latino","Other South American",42,43
"06097","Sonoma County, California","B03001_028","Latino","Spaniard",3099,605
"06097","Sonoma County, California","B03001_029","Latino","Spanish",3379,851
"06097","Sonoma County, California","B03001_030","Latino","Spanish American",3,4
"06097","Sonoma County, California","B03001_031","Latino","All other Hispanic or Latino",3972,1105
"06099","Stanislaus County, California","B03001_001","Total","Total",552063,NA
"06099","Stanislaus County, California","B03001_002","Not Hispanic","Not Hispanic or Latino",283636,NA
"06099","Stanislaus County, California","B03001_004","Latino","Mexican",246665,2107
"06099","Stanislaus County, California","B03001_005","Latino","Puerto Rican",3448,902
"06099","Stanislaus County, California","B03001_006","Latino","Cuban",570,324
"06099","Stanislaus County, California","B03001_007","Latino","Dominican (Dominican Republic)",66,53
"06099","Stanislaus County, California","B03001_009","Latino","Costa Rican",19,30
"06099","Stanislaus County, California","B03001_010","Latino","Guatemalan",1934,650
"06099","Stanislaus County, California","B03001_011","Latino","Honduran",208,124
"06099","Stanislaus County, California","B03001_012","Latino","Nicaraguan",983,363
"06099","Stanislaus County, California","B03001_013","Latino","Panamanian",95,121
"06099","Stanislaus County, California","B03001_014","Latino","Salvadoran",4067,922
"06099","Stanislaus County, California","B03001_015","Latino","Other Central American",0,31
"06099","Stanislaus County, California","B03001_017","Latino","Argentinean",215,195
"06099","Stanislaus County, California","B03001_018","Latino","Bolivian",99,106
"06099","Stanislaus County, California","B03001_019","Latino","Chilean",121,117
"06099","Stanislaus County, California","B03001_020","Latino","Colombian",563,312
"06099","Stanislaus County, California","B03001_021","Latino","Ecuadorian",208,137
"06099","Stanislaus County, California","B03001_022","Latino","Paraguayan",0,31
"06099","Stanislaus County, California","B03001_023","Latino","Peruvian",1162,559
"06099","Stanislaus County, California","B03001_024","Latino","Uruguayan",0,31
"06099","Stanislaus County, California","B03001_025","Latino","Venezuelan",11,19
"06099","Stanislaus County, California","B03001_026","Latino","Other South American",0,31
"06099","Stanislaus County, California","B03001_028","Latino","Spaniard",2798,821
"06099","Stanislaus County, California","B03001_029","Latino","Spanish",2048,578
"06099","Stanislaus County, California","B03001_030","Latino","Spanish American",45,70
"06099","Stanislaus County, California","B03001_031","Latino","All other Hispanic or Latino",3102,782
"06101","Sutter County, California","B03001_001","Total","Total",99101,NA
"06101","Sutter County, California","B03001_002","Not Hispanic","Not Hispanic or Latino",67108,NA
"06101","Sutter County, California","B03001_004","Latino","Mexican",28795,710
"06101","Sutter County, California","B03001_005","Latino","Puerto Rican",762,399
"06101","Sutter County, California","B03001_006","Latino","Cuban",56,56
"06101","Sutter County, California","B03001_007","Latino","Dominican (Dominican Republic)",164,170
"06101","Sutter County, California","B03001_009","Latino","Costa Rican",0,31
"06101","Sutter County, California","B03001_010","Latino","Guatemalan",326,386
"06101","Sutter County, California","B03001_011","Latino","Honduran",22,35
"06101","Sutter County, California","B03001_012","Latino","Nicaraguan",383,278
"06101","Sutter County, California","B03001_013","Latino","Panamanian",44,48
"06101","Sutter County, California","B03001_014","Latino","Salvadoran",216,124
"06101","Sutter County, California","B03001_015","Latino","Other Central American",46,67
"06101","Sutter County, California","B03001_017","Latino","Argentinean",0,31
"06101","Sutter County, California","B03001_018","Latino","Bolivian",0,31
"06101","Sutter County, California","B03001_019","Latino","Chilean",0,31
"06101","Sutter County, California","B03001_020","Latino","Colombian",204,185
"06101","Sutter County, California","B03001_021","Latino","Ecuadorian",0,31
"06101","Sutter County, California","B03001_022","Latino","Paraguayan",0,31
"06101","Sutter County, California","B03001_023","Latino","Peruvian",11,17
"06101","Sutter County, California","B03001_024","Latino","Uruguayan",0,31
"06101","Sutter County, California","B03001_025","Latino","Venezuelan",0,31
"06101","Sutter County, California","B03001_026","Latino","Other South American",0,31
"06101","Sutter County, California","B03001_028","Latino","Spaniard",258,153
"06101","Sutter County, California","B03001_029","Latino","Spanish",227,120
"06101","Sutter County, California","B03001_030","Latino","Spanish American",31,39
"06101","Sutter County, California","B03001_031","Latino","All other Hispanic or Latino",448,203
"06103","Tehama County, California","B03001_001","Total","Total",65484,NA
"06103","Tehama County, California","B03001_002","Not Hispanic","Not Hispanic or Latino",47899,NA
"06103","Tehama County, California","B03001_004","Latino","Mexican",16282,427
"06103","Tehama County, California","B03001_005","Latino","Puerto Rican",288,205
"06103","Tehama County, California","B03001_006","Latino","Cuban",24,29
"06103","Tehama County, California","B03001_007","Latino","Dominican (Dominican Republic)",0,31
"06103","Tehama County, California","B03001_009","Latino","Costa Rican",44,54
"06103","Tehama County, California","B03001_010","Latino","Guatemalan",3,6
"06103","Tehama County, California","B03001_011","Latino","Honduran",1,2
"06103","Tehama County, California","B03001_012","Latino","Nicaraguan",13,23
"06103","Tehama County, California","B03001_013","Latino","Panamanian",0,31
"06103","Tehama County, California","B03001_014","Latino","Salvadoran",150,207
"06103","Tehama County, California","B03001_015","Latino","Other Central American",0,31
"06103","Tehama County, California","B03001_017","Latino","Argentinean",0,31
"06103","Tehama County, California","B03001_018","Latino","Bolivian",7,12
"06103","Tehama County, California","B03001_019","Latino","Chilean",0,31
"06103","Tehama County, California","B03001_020","Latino","Colombian",44,60
"06103","Tehama County, California","B03001_021","Latino","Ecuadorian",77,118
"06103","Tehama County, California","B03001_022","Latino","Paraguayan",14,28
"06103","Tehama County, California","B03001_023","Latino","Peruvian",41,71
"06103","Tehama County, California","B03001_024","Latino","Uruguayan",0,31
"06103","Tehama County, California","B03001_025","Latino","Venezuelan",0,31
"06103","Tehama County, California","B03001_026","Latino","Other South American",0,31
"06103","Tehama County, California","B03001_028","Latino","Spaniard",250,202
"06103","Tehama County, California","B03001_029","Latino","Spanish",188,149
"06103","Tehama County, California","B03001_030","Latino","Spanish American",2,3
"06103","Tehama County, California","B03001_031","Latino","All other Hispanic or Latino",157,138
"06105","Trinity County, California","B03001_001","Total","Total",15889,NA
"06105","Trinity County, California","B03001_002","Not Hispanic","Not Hispanic or Latino",14691,NA
"06105","Trinity County, California","B03001_004","Latino","Mexican",432,284
"06105","Trinity County, California","B03001_005","Latino","Puerto Rican",3,21
"06105","Trinity County, California","B03001_006","Latino","Cuban",17,27
"06105","Trinity County, California","B03001_007","Latino","Dominican (Dominican Republic)",421,278
"06105","Trinity County, California","B03001_009","Latino","Costa Rican",0,21
"06105","Trinity County, California","B03001_010","Latino","Guatemalan",0,21
"06105","Trinity County, California","B03001_011","Latino","Honduran",64,85
"06105","Trinity County, California","B03001_012","Latino","Nicaraguan",0,21
"06105","Trinity County, California","B03001_013","Latino","Panamanian",0,21
"06105","Trinity County, California","B03001_014","Latino","Salvadoran",34,66
"06105","Trinity County, California","B03001_015","Latino","Other Central American",0,21
"06105","Trinity County, California","B03001_017","Latino","Argentinean",0,21
"06105","Trinity County, California","B03001_018","Latino","Bolivian",0,21
"06105","Trinity County, California","B03001_019","Latino","Chilean",0,21
"06105","Trinity County, California","B03001_020","Latino","Colombian",37,50
"06105","Trinity County, California","B03001_021","Latino","Ecuadorian",0,21
"06105","Trinity County, California","B03001_022","Latino","Paraguayan",0,21
"06105","Trinity County, California","B03001_023","Latino","Peruvian",0,21
"06105","Trinity County, California","B03001_024","Latino","Uruguayan",0,21
"06105","Trinity County, California","B03001_025","Latino","Venezuelan",0,21
"06105","Trinity County, California","B03001_026","Latino","Other South American",0,21
"06105","Trinity County, California","B03001_028","Latino","Spaniard",96,92
"06105","Trinity County, California","B03001_029","Latino","Spanish",50,60
"06105","Trinity County, California","B03001_030","Latino","Spanish American",0,21
"06105","Trinity County, California","B03001_031","Latino","All other Hispanic or Latino",44,46
"06107","Tulare County, California","B03001_001","Total","Total",473446,NA
"06107","Tulare County, California","B03001_002","Not Hispanic","Not Hispanic or Latino",160492,NA
"06107","Tulare County, California","B03001_004","Latino","Mexican",294695,2305
"06107","Tulare County, California","B03001_005","Latino","Puerto Rican",1505,608
"06107","Tulare County, California","B03001_006","Latino","Cuban",729,456
"06107","Tulare County, California","B03001_007","Latino","Dominican (Dominican Republic)",83,81
"06107","Tulare County, California","B03001_009","Latino","Costa Rican",123,99
"06107","Tulare County, California","B03001_010","Latino","Guatemalan",1966,826
"06107","Tulare County, California","B03001_011","Latino","Honduran",573,413
"06107","Tulare County, California","B03001_012","Latino","Nicaraguan",440,266
"06107","Tulare County, California","B03001_013","Latino","Panamanian",117,113
"06107","Tulare County, California","B03001_014","Latino","Salvadoran",2834,846
"06107","Tulare County, California","B03001_015","Latino","Other Central American",0,31
"06107","Tulare County, California","B03001_017","Latino","Argentinean",259,198
"06107","Tulare County, California","B03001_018","Latino","Bolivian",33,36
"06107","Tulare County, California","B03001_019","Latino","Chilean",209,180
"06107","Tulare County, California","B03001_020","Latino","Colombian",374,205
"06107","Tulare County, California","B03001_021","Latino","Ecuadorian",31,30
"06107","Tulare County, California","B03001_022","Latino","Paraguayan",0,31
"06107","Tulare County, California","B03001_023","Latino","Peruvian",831,552
"06107","Tulare County, California","B03001_024","Latino","Uruguayan",0,31
"06107","Tulare County, California","B03001_025","Latino","Venezuelan",21,33
"06107","Tulare County, California","B03001_026","Latino","Other South American",24,42
"06107","Tulare County, California","B03001_028","Latino","Spaniard",1368,581
"06107","Tulare County, California","B03001_029","Latino","Spanish",1325,469
"06107","Tulare County, California","B03001_030","Latino","Spanish American",87,115
"06107","Tulare County, California","B03001_031","Latino","All other Hispanic or Latino",5327,1442
"06109","Tuolumne County, California","B03001_001","Total","Total",54993,NA
"06109","Tuolumne County, California","B03001_002","Not Hispanic","Not Hispanic or Latino",47914,NA
"06109","Tuolumne County, California","B03001_004","Latino","Mexican",4273,421
"06109","Tuolumne County, California","B03001_005","Latino","Puerto Rican",438,265
"06109","Tuolumne County, California","B03001_006","Latino","Cuban",19,35
"06109","Tuolumne County, California","B03001_007","Latino","Dominican (Dominican Republic)",0,31
"06109","Tuolumne County, California","B03001_009","Latino","Costa Rican",0,31
"06109","Tuolumne County, California","B03001_010","Latino","Guatemalan",64,65
"06109","Tuolumne County, California","B03001_011","Latino","Honduran",14,19
"06109","Tuolumne County, California","B03001_012","Latino","Nicaraguan",19,37
"06109","Tuolumne County, California","B03001_013","Latino","Panamanian",77,124
"06109","Tuolumne County, California","B03001_014","Latino","Salvadoran",338,155
"06109","Tuolumne County, California","B03001_015","Latino","Other Central American",0,31
"06109","Tuolumne County, California","B03001_017","Latino","Argentinean",45,83
"06109","Tuolumne County, California","B03001_018","Latino","Bolivian",0,31
"06109","Tuolumne County, California","B03001_019","Latino","Chilean",267,242
"06109","Tuolumne County, California","B03001_020","Latino","Colombian",52,55
"06109","Tuolumne County, California","B03001_021","Latino","Ecuadorian",187,165
"06109","Tuolumne County, California","B03001_022","Latino","Paraguayan",0,31
"06109","Tuolumne County, California","B03001_023","Latino","Peruvian",22,41
"06109","Tuolumne County, California","B03001_024","Latino","Uruguayan",8,41
"06109","Tuolumne County, California","B03001_025","Latino","Venezuelan",40,61
"06109","Tuolumne County, California","B03001_026","Latino","Other South American",0,31
"06109","Tuolumne County, California","B03001_028","Latino","Spaniard",706,251
"06109","Tuolumne County, California","B03001_029","Latino","Spanish",318,166
"06109","Tuolumne County, California","B03001_030","Latino","Spanish American",0,31
"06109","Tuolumne County, California","B03001_031","Latino","All other Hispanic or Latino",192,81
"06111","Ventura County, California","B03001_001","Total","Total",842009,NA
"06111","Ventura County, California","B03001_002","Not Hispanic","Not Hispanic or Latino",474970,NA
"06111","Ventura County, California","B03001_004","Latino","Mexican",321016,2651
"06111","Ventura County, California","B03001_005","Latino","Puerto Rican",3770,740
"06111","Ventura County, California","B03001_006","Latino","Cuban",2132,463
"06111","Ventura County, California","B03001_007","Latino","Dominican (Dominican Republic)",176,95
"06111","Ventura County, California","B03001_009","Latino","Costa Rican",1181,355
"06111","Ventura County, California","B03001_010","Latino","Guatemalan",4021,1069
"06111","Ventura County, California","B03001_011","Latino","Honduran",520,218
"06111","Ventura County, California","B03001_012","Latino","Nicaraguan",1934,604
"06111","Ventura County, California","B03001_013","Latino","Panamanian",597,308
"06111","Ventura County, California","B03001_014","Latino","Salvadoran",8545,1193
"06111","Ventura County, California","B03001_015","Latino","Other Central American",28,26
"06111","Ventura County, California","B03001_017","Latino","Argentinean",1283,274
"06111","Ventura County, California","B03001_018","Latino","Bolivian",113,79
"06111","Ventura County, California","B03001_019","Latino","Chilean",752,308
"06111","Ventura County, California","B03001_020","Latino","Colombian",2253,610
"06111","Ventura County, California","B03001_021","Latino","Ecuadorian",1248,566
"06111","Ventura County, California","B03001_022","Latino","Paraguayan",7,12
"06111","Ventura County, California","B03001_023","Latino","Peruvian",2601,710
"06111","Ventura County, California","B03001_024","Latino","Uruguayan",52,47
"06111","Ventura County, California","B03001_025","Latino","Venezuelan",251,144
"06111","Ventura County, California","B03001_026","Latino","Other South American",8,12
"06111","Ventura County, California","B03001_028","Latino","Spaniard",4217,735
"06111","Ventura County, California","B03001_029","Latino","Spanish",3752,605
"06111","Ventura County, California","B03001_030","Latino","Spanish American",86,85
"06111","Ventura County, California","B03001_031","Latino","All other Hispanic or Latino",6496,1187
"06113","Yolo County, California","B03001_001","Total","Total",217141,NA
"06113","Yolo County, California","B03001_002","Not Hispanic","Not Hispanic or Latino",147152,NA
"06113","Yolo County, California","B03001_004","Latino","Mexican",59734,1228
"06113","Yolo County, California","B03001_005","Latino","Puerto Rican",814,312
"06113","Yolo County, California","B03001_006","Latino","Cuban",392,221
"06113","Yolo County, California","B03001_007","Latino","Dominican (Dominican Republic)",9,12
"06113","Yolo County, California","B03001_009","Latino","Costa Rican",38,34
"06113","Yolo County, California","B03001_010","Latino","Guatemalan",675,301
"06113","Yolo County, California","B03001_011","Latino","Honduran",272,170
"06113","Yolo County, California","B03001_012","Latino","Nicaraguan",191,113
"06113","Yolo County, California","B03001_013","Latino","Panamanian",128,97
"06113","Yolo County, California","B03001_014","Latino","Salvadoran",1168,431
"06113","Yolo County, California","B03001_015","Latino","Other Central American",0,31
"06113","Yolo County, California","B03001_017","Latino","Argentinean",379,176
"06113","Yolo County, California","B03001_018","Latino","Bolivian",4,8
"06113","Yolo County, California","B03001_019","Latino","Chilean",487,250
"06113","Yolo County, California","B03001_020","Latino","Colombian",534,239
"06113","Yolo County, California","B03001_021","Latino","Ecuadorian",17,27
"06113","Yolo County, California","B03001_022","Latino","Paraguayan",33,49
"06113","Yolo County, California","B03001_023","Latino","Peruvian",462,238
"06113","Yolo County, California","B03001_024","Latino","Uruguayan",0,31
"06113","Yolo County, California","B03001_025","Latino","Venezuelan",367,475
"06113","Yolo County, California","B03001_026","Latino","Other South American",27,41
"06113","Yolo County, California","B03001_028","Latino","Spaniard",2176,547
"06113","Yolo County, California","B03001_029","Latino","Spanish",1149,322
"06113","Yolo County, California","B03001_030","Latino","Spanish American",8,14
"06113","Yolo County, California","B03001_031","Latino","All other Hispanic or Latino",925,310
"06115","Yuba County, California","B03001_001","Total","Total",81705,NA
"06115","Yuba County, California","B03001_002","Not Hispanic","Not Hispanic or Latino",57352,NA
"06115","Yuba County, California","B03001_004","Latino","Mexican",21265,749
"06115","Yuba County, California","B03001_005","Latino","Puerto Rican",622,448
"06115","Yuba County, California","B03001_006","Latino","Cuban",62,58
"06115","Yuba County, California","B03001_007","Latino","Dominican (Dominican Republic)",72,86
"06115","Yuba County, California","B03001_009","Latino","Costa Rican",0,31
"06115","Yuba County, California","B03001_010","Latino","Guatemalan",81,89
"06115","Yuba County, California","B03001_011","Latino","Honduran",42,69
"06115","Yuba County, California","B03001_012","Latino","Nicaraguan",99,146
"06115","Yuba County, California","B03001_013","Latino","Panamanian",13,21
"06115","Yuba County, California","B03001_014","Latino","Salvadoran",107,66
"06115","Yuba County, California","B03001_015","Latino","Other Central American",0,31
"06115","Yuba County, California","B03001_017","Latino","Argentinean",0,31
"06115","Yuba County, California","B03001_018","Latino","Bolivian",0,31
"06115","Yuba County, California","B03001_019","Latino","Chilean",109,112
"06115","Yuba County, California","B03001_020","Latino","Colombian",15,25
"06115","Yuba County, California","B03001_021","Latino","Ecuadorian",0,31
"06115","Yuba County, California","B03001_022","Latino","Paraguayan",0,31
"06115","Yuba County, California","B03001_023","Latino","Peruvian",18,23
"06115","Yuba County, California","B03001_024","Latino","Uruguayan",0,31
"06115","Yuba County, California","B03001_025","Latino","Venezuelan",33,38
"06115","Yuba County, California","B03001_026","Latino","Other South American",49,69
"06115","Yuba County, California","B03001_028","Latino","Spaniard",916,381
"06115","Yuba County, California","B03001_029","Latino","Spanish",416,274
"06115","Yuba County, California","B03001_030","Latino","Spanish American",0,31
"06115","Yuba County, California","B03001_031","Latino","All other Hispanic or Latino",434,252
